Actinomyces	0.0	0.0	0.008130080999999999	0.0	0.0	0.008403361	0.0	0.0	0.0	0.012195122	0.031233732	0.011428571	0.0078125	0.02247191	0.0	0.0	0.0053191490000000004	0.016393443	0.0	0.0	0.02403496	0.0	0.0	0.000711238	0.001333333	0.0	0.0	0.0	0.0	0.0	0.016853933	0.0	0.0	0.0	0.0	0.0	0.0	0.0	0.0	0.0	0.0	0.009433961999999999	0.001962709	0.0	0.0	0.0	0.009756098000000001	0.0	0.00872093	0.025778732999999998	0.0018331810000000001	0.00155159	0.0	0.047180667	0.012820513	0.010526316	0.010204082	0.00621118	0.0	0.064718163	0.04	0.0	0.0
Corynebacterium	0.013196481000000001	0.0	0.008130080999999999	0.0	0.014492753999999998	0.0	0.0	0.0	0.0	0.012195122	0.000520562	0.0	0.0	0.0	0.0	0.0026954179999999998	0.0	0.0	0.001305483	0.056603774	0.0007283319999999999	0.0	0.001607717	0.0	0.0	0.021978022000000003	0.0	0.002808989	0.0	0.034482759	0.005617978	0.0	0.0	0.144927536	0.0	0.0	0.0	0.0	0.0	0.28634361199999997	0.074927954	0.018867925	0.627085378	0.007163324	0.007246376999999999	0.601333333	0.124390244	0.141025641	0.0	0.01396348	0.0	0.0	0.008849558	0.009205984	0.003205128	0.052631579000000005	0.06122449	0.00621118	0.0	0.0	0.0	0.0	0.0010582010000000002
Micrococcus	0.0	0.0	0.0	0.0	0.0	0.0	0.0	0.0	0.025210084	0.0	0.053617907	0.0	0.0	0.0	0.0	0.0	0.0	0.0	0.0	0.0	0.0	0.0	0.0	0.0	0.0	0.027472527000000004	0.0	0.0	0.0	0.0	0.0	0.0	0.0	0.0	0.0	0.0	0.0	0.0	0.0	0.0	0.0	0.028301887	0.021589794	0.0	0.0	0.006666666999999999	0.0	0.0	0.0	0.0	0.0	0.0	0.0	0.0	0.0	0.0	0.0	0.0	0.0	0.0	0.0	0.0	0.008465608000000001
Rothia	0.0	0.0	0.0	0.0	0.0	0.0	0.0	0.0	0.008403361	0.036585366	0.0057261840000000005	0.011428571	0.0	0.0	0.0	0.0	0.0	0.0	0.0	0.0	0.076474873	0.0	0.003215434	0.001422475	0.0	0.0	0.0	0.002808989	0.0	0.0	0.0	0.0	0.0	0.0	0.0	0.0	0.0	0.0	0.0	0.0	0.0	0.0	0.0	0.0	0.0	0.0	0.007317073	0.0	0.0	0.02792696	0.0018331810000000001	0.000775795	0.0	0.018411968	0.006410256	0.0	0.0	0.0	0.00304878	0.018789144	0.008	0.0	0.0
Mycobacterium	0.0	0.061728395	0.0	0.0	0.0	0.016806723	0.0	0.0	0.0	0.0	0.0	0.028571429	0.0390625	0.101123596	0.0	0.0	0.0	0.0	0.001305483	0.0	0.0	0.0	0.0	0.0	0.0	0.0	0.0	0.0	0.0	0.0	0.04494382	0.0	0.0	0.0	0.09677419400000001	0.0	0.029126213999999997	0.0	0.0	0.026431717999999996	0.083573487	0.0	0.0	0.0	0.0	0.0	0.0	0.0	0.0	0.0	0.0	0.0	0.0	0.0	0.0	0.0	0.0	0.0	0.057926829000000006	0.008350731	0.0	0.0	0.0
Propionibacterium	0.083577713	0.061728395	0.0	0.070707071	0.017391304	0.0	0.015384615	0.018518519	0.0	0.0	0.010931806	0.097142857	0.0	0.033707865	0.0053908359999999995	0.051212938	0.010638298000000001	0.032786885	0.131853786	0.0	0.0005462490000000001	0.0	0.001607717	0.70341394	0.0	0.0	0.0	0.0	0.0	0.137931034	0.005617978	0.0	0.0	0.014492753999999998	0.0	0.0	0.029126213999999997	0.0	0.026315789	0.17180616699999998	0.025936598999999998	0.0	0.009813543000000001	0.004297994	0.03442029	0.025333333	0.002439024	0.012820513	0.0	0.001074114	0.0	0.0	0.0	0.0	0.0	0.0	0.010204082	0.0	0.400914634	0.018789144	0.21600000000000003	0.0	0.0
Yaniella	0.0	0.0	0.0	0.0	0.07826087	0.08403361300000001	0.0	0.111111111	0.0	0.0	0.0	0.0	0.0	0.0	0.0	0.0	0.0	0.0	0.0	0.0	0.0	0.0	0.226688103	0.0056898999999999995	0.0	0.027472527000000004	0.0	0.0	0.0	0.0	0.0	0.0	0.0	0.0	0.0	0.0	0.0	0.0	0.0	0.0	0.0	0.0	0.0	0.0	0.0	0.0	0.0	0.0	0.0	0.001074114	0.0	0.0	0.0	0.0	0.0	0.0	0.010204082	0.0	0.0	0.0	0.0	0.030534351	0.010582011
Bifidobacterium	0.0	0.0	0.0	0.0	0.0	0.0	0.0	0.0	0.0	0.0	0.0	0.0	0.0	0.0	0.010781671000000001	0.02425876	0.0	0.016393443	0.041775457	0.028301887	0.000910415	0.02	0.0	0.0	0.0	0.0	0.0	0.0	0.0	0.0	0.0	0.002810568	0.002336449	0.0	0.032258065	0.026548673	0.0	0.076923077	0.026315789	0.0	0.0	0.018867925	0.026496565	0.0	0.0	0.0	0.0	0.0	0.0	0.0	0.0	0.0	0.0	0.0	0.0	0.0	0.0	0.0	0.0	0.0	0.0	0.0	0.0
Unknown genus (family Coriobacteriaceae)	0.0	0.0	0.0	0.0	0.0	0.0	0.0	0.0	0.0	0.0	0.0	0.0	0.0	0.0	0.016172507	0.010781671000000001	0.0	0.0	0.001305483	0.009433961999999999	0.002093955	0.006666666999999999	0.0	0.0	0.0	0.0	0.0	0.0	0.0	0.0	0.0	0.019673974	0.009345794000000001	0.0	0.0	0.008849558	0.029126213999999997	0.015384615	0.0	0.004405286	0.0	0.009433961999999999	0.0	0.0	0.0	0.0	0.002439024	0.0	0.0	0.0	0.0	0.0	0.0	0.001150748	0.0	0.0	0.0	0.0	0.0	0.0	0.008	0.0	0.0
Atopobium	0.0	0.0	0.0	0.0	0.0	0.0	0.0	0.0	0.0	0.0	0.004164498	0.0	0.0	0.0	0.0	0.0	0.0	0.0	0.001305483	0.009433961999999999	0.005371449	0.0	0.0	0.0	0.0	0.0	0.0	0.0	0.0	0.0	0.0	0.0005621140000000001	0.0	0.0	0.0	0.0	0.0	0.0	0.0	0.0	0.0	0.0	0.00686948	0.0	0.0	0.0	0.002439024	0.0	0.0	0.015037594	0.00091659	0.000775795	0.0	0.009205984	0.003205128	0.0	0.010204082	0.00621118	0.0	0.002087683	0.008	0.0	0.0
Porphyromonas	0.0	0.0	0.0	0.0	0.0	0.0	0.0	0.0	0.0	0.0	0.015616866	0.0	0.0	0.0	0.02425876	0.029649596	0.0	0.0	0.014360313000000001	0.066037736	0.014384559	0.04	0.0	0.0	0.0	0.0	0.0	0.0	0.0	0.0	0.0	0.008431703	0.011682243	0.028985507	0.0	0.053097345	0.019417476	0.030769231	0.026315789	0.0	0.0	0.0	0.000981354	0.0	0.0	0.0	0.0	0.0	0.0	0.003222342	0.0	0.0	0.0	0.001150748	0.0	0.0	0.010204082	0.0	0.0	0.004175365	0.008	0.0	0.0
Prevotella	0.0	0.0	0.024390244	0.0	0.0	0.016806723	0.030769231	0.0	0.025210084	0.18292682899999999	0.086413326	0.011428571	0.0	0.0	0.018867925	0.013477089	0.015957447	0.016393443	0.044386423	0.056603774	0.04324472	0.0	0.011254018999999999	0.00284495	0.0	0.005494505	0.000630915	0.002808989	0.0	0.0	0.016853933	0.039910062	0.018691588999999998	0.0	0.032258065	0.026548673	0.019417476	0.030769231	0.078947368	0.004405286	0.0	0.009433961999999999	0.000981354	0.001432665	0.0	0.001333333	0.029268292999999997	0.051282050999999995	0.014534884	0.10096670199999999	0.004582951	0.018619085	0.008849558	0.17146145	0.022435897000000003	0.010526316	0.040816327	0.0	0.007621951	0.12526096	0.128	0.0	0.0
Unknown genus (family S24-7)	0.001466276	0.0	0.0	0.0	0.0	0.0	0.0	0.0	0.0	0.0	0.0	0.0	0.0	0.0	0.0026954179999999998	0.016172507	0.0	0.0	0.0	0.009433961999999999	0.0	0.0	0.0	0.0	0.0	0.0	0.0	0.0	0.0	0.0	0.0	0.005059022	0.0046728970000000005	0.0	0.0	0.0	0.0	0.0	0.013157895	0.0	0.0	0.0	0.0	0.0	0.0	0.0	0.0	0.0	0.0	0.0	0.0	0.0	0.0	0.0	0.0	0.0	0.0	0.0	0.0	0.0	0.0	0.007633588	0.0
Prevotella [putative]	0.0	0.0	0.0	0.0	0.028985507	0.0	0.0	0.0	0.008403361	0.0	0.0057261840000000005	0.0	0.0	0.0	0.0	0.0	0.0	0.0	0.006527415	0.0	0.0029133279999999998	0.0	0.0	0.0	0.0	0.0	0.0	0.0	0.0	0.0	0.0	0.007307475999999999	0.0	0.0	0.0	0.0	0.0	0.0	0.026315789	0.0	0.0	0.0	0.0	0.001432665	0.0	0.0	0.0	0.0	0.0	0.003222342	0.00091659	0.000775795	0.0	0.001150748	0.0	0.0	0.0	0.0	0.0	0.002087683	0.016	0.0	0.0
Capnocytophaga	0.0	0.0	0.0	0.0	0.0	0.0	0.0	0.0	0.0	0.012195122	0.001041124	0.0	0.0	0.0	0.0	0.0	0.0	0.0	0.001305483	0.0	0.007101238	0.0	0.0	0.0	0.0	0.0	0.0	0.0	0.0	0.0	0.0	0.021922427999999997	0.0	0.0	0.0	0.0	0.0	0.0	0.0	0.0	0.0	0.0	0.000981354	0.0	0.0	0.0	0.0	0.0	0.0	0.003222342	0.00091659	0.0	0.0	0.004602992	0.0	0.0	0.0	0.0	0.0	0.004175365	0.0	0.0	0.0
Unknown genus (order Streptophyta)	0.0	0.111111111	0.0	0.0	0.017391304	0.0	0.0	0.0	0.0	0.0	0.011452368999999999	0.0	0.0	0.0	0.0	0.0	0.0	0.0	0.0	0.0	0.001729789	0.0	0.0	0.0	0.0	0.0	0.0	0.0	0.0	0.0	0.0	0.011804384	0.039719626	0.15942029	0.0	0.0	0.0	0.0	0.0	0.0	0.066282421	0.0	0.0	0.0	0.0	0.0	0.0	0.0	0.0	0.0	0.0	0.0	0.0	0.0	0.0	0.0	0.0	0.01863354	0.0	0.0	0.0	0.0	0.0
Other genus (family Bacillaceae)	0.0	0.0	0.0	0.0	0.0	0.0	0.0	0.0	0.0	0.0	0.0	0.0	0.125	0.0	0.0	0.0	0.031914894	0.0	0.0	0.0	0.0	0.0	0.0	0.0	0.0	0.005494505	0.000630915	0.0	0.0	0.011494253000000001	0.02247191	0.0	0.0	0.0	0.0	0.0	0.0	0.0	0.0	0.0	0.0	0.009433961999999999	0.0	0.0	0.018115942	0.0	0.0	0.0	0.00872093	0.0	0.0	0.034134988	0.0	0.0	0.0	0.0	0.0	0.062111800999999994	0.0	0.0	0.016	0.0	0.0
Unknown genus (family Bacillaceae)	0.0	0.0	0.0	0.0	0.026086957	0.0	0.030769231	0.018518519	0.0	0.0	0.033315981	0.0	0.0	0.24719101100000002	0.15902965	0.0	0.0	0.0	0.010443864	0.0	0.0	0.0	0.017684887	0.0	0.0	0.0	0.005678233	0.0	0.0	0.0	0.0	0.0	0.0	0.0	0.0	0.0	0.0	0.0	0.0	0.0	0.0	0.0	0.0	0.0	0.0	0.0	0.0	0.0	0.0	0.0	0.0	0.0	0.03539823	0.0	0.0	0.010526316	0.020408163	0.0	0.0	0.0	0.0	0.0	0.0
Bacillus	0.0	0.0	0.0	0.0	0.034782609	0.067226891	0.0	0.009259259	0.0	0.0	0.007808433	0.0	0.0	0.02247191	0.021563342000000003	0.0	0.0	0.0	0.006527415	0.0	0.0	0.0	0.0	0.0	0.016	0.0	0.000630915	0.0	0.0	0.011494253000000001	0.0	0.0	0.002336449	0.0	0.0	0.0	0.0	0.0	0.0	0.0	0.037463977	0.0	0.000981354	0.018624642	0.001811594	0.002666667	0.053658537	0.0	0.0	0.001074114	0.0	0.0031031809999999996	0.008849558	0.0	0.0	0.0	0.0	0.01242236	0.007621951	0.006263048	0.0	0.0	0.0
Lysinibacillus	0.0	0.0	0.0	0.12121212099999999	0.110144928	0.016806723	0.0	0.0	0.0	0.0	0.023945862000000002	0.0	0.140625	0.0	0.0	0.0	0.015957447	0.0	0.0	0.009433961999999999	0.0	0.013333333000000001	0.001607717	0.0	0.0	0.010989011000000002	0.0	0.002808989	0.0	0.034482759	0.011235955	0.0	0.0	0.014492753999999998	0.0	0.0	0.242718447	0.046153846	0.0	0.0	0.034582133	0.037735849	0.01373896	0.047277937	0.0	0.014666667	0.0	0.0	0.031976744	0.005370569	0.00091659	0.09619860400000001	0.061946903	0.00575374	0.208333333	0.0	0.051020407999999996	0.0	0.006097561	0.0	0.0	0.0	0.0
Sporocarcinia	0.001466276	0.358024691	0.0	0.0	0.0	0.0	0.0	0.018518519	0.0	0.0	0.0	0.0	0.0	0.0	0.0026954179999999998	0.0	0.0	0.0	0.0	0.009433961999999999	0.0	0.006666666999999999	0.053054662	0.0021337129999999998	0.0	0.0	0.0	0.005617978	0.0	0.0	0.0	0.0	0.0	0.0	0.0	0.0	0.0	0.0	0.0	0.0	0.0	0.0	0.0	0.0	0.0	0.0	0.0	0.0	0.0	0.001074114	0.0	0.0	0.0	0.0	0.0	0.021052632	0.010204082	0.0	0.0	0.0	0.0	0.526717557	0.639153439
Staphylococcus	0.0	0.0	0.0	0.0	0.075362319	0.0	0.015384615	0.009259259	0.0	0.0	0.007808433	0.068571429	0.0	0.0	0.0	0.0	0.069148936	0.0	0.001305483	0.0	0.0	0.0	0.0	0.012802276000000001	0.0	0.0	0.029652997	0.0	0.0	0.16091954	0.0	0.0	0.0	0.0	0.0	0.0	0.0	0.0	0.0	0.0	0.037463977	0.0	0.018645731000000002	0.080229226	0.0	0.005333333000000001	0.007317073	0.0	0.0	0.032223416	0.0	0.0	0.0	0.0	0.003205128	0.0	0.0	0.0	0.0	0.0	0.0	0.0	0.0
Unknown genus (family Gemellaceae)	0.0	0.0	0.0	0.0	0.0	0.0	0.0	0.0	0.0	0.024390244	0.006246746	0.0	0.0	0.0	0.0	0.0	0.0	0.0	0.003916449000000001	0.0	0.008922068	0.0	0.0	0.0	0.0	0.0	0.0	0.0	0.0	0.0	0.0	0.0	0.0	0.0	0.0	0.0	0.0	0.0	0.0	0.0	0.0	0.0	0.0	0.0	0.0	0.0	0.002439024	0.012820513	0.0	0.0064446830000000005	0.0	0.0038789759999999997	0.0	0.010356731999999999	0.0	0.010526316	0.0	0.0	0.0	0.006263048	0.008	0.0	0.0
Granilucatella	0.0	0.0	0.0	0.0	0.0	0.008403361	0.0	0.0	0.0	0.024390244	0.007287871	0.0	0.0	0.0	0.0	0.0	0.0	0.0	0.001305483	0.0	0.009286235	0.0	0.0	0.0	0.001333333	0.0	0.0	0.0	0.0	0.0	0.011235955	0.001124227	0.0	0.0	0.0	0.0	0.0	0.0	0.0	0.0	0.002881844	0.0	0.0	0.0	0.0	0.0	0.002439024	0.025641026	0.0	0.007518797	0.0	0.0054305659999999995	0.0	0.009205984	0.003205128	0.0	0.0	0.0	0.0	0.004175365	0.008	0.0	0.0
Lactobacillus	0.001466276	0.0	0.0	0.04040404	0.075362319	0.0	0.0	0.074074074	0.0	0.0	0.000520562	0.0	0.0	0.0	0.080862534	0.035040431000000004	0.037234043	0.0	0.156657963	0.066037736	0.0021849960000000002	0.04	0.0	0.0	0.0	0.0	0.0	0.002808989	0.33823529399999996	0.0	0.0	0.015177066000000001	0.01635514	0.043478261	0.016129031999999998	0.292035398	0.038834951	0.16923076899999998	0.263157895	0.008810573	0.011527378000000001	0.0	0.005888126	0.0	0.041666667000000004	0.0	0.0	0.0	0.0029069770000000003	0.0	0.0	0.0	0.0	0.001150748	0.0	0.0	0.0	0.0	0.0	0.0	0.008	0.015267176	0.006349206
Streptococcus	0.0	0.0	0.0	0.090909091	0.0	0.042016807	0.0	0.509259259	0.033613445	0.085365854	0.057261843	0.017142857	0.0078125	0.0	0.0	0.0	0.015957447	0.0	0.016971279	0.0	0.139475601	0.0	0.008038585	0.003556188	0.004	0.0	0.0044164040000000005	0.005617978	0.014705882	0.0	0.073033708	0.245081506	0.0	0.0	0.0	0.03539823	0.0	0.0	0.013157895	0.0	0.008645533	0.0	0.0039254170000000005	0.05730659	0.0	0.002666667	0.026829268	0.051282050999999995	0.005813953	0.09022556400000001	0.00091659	0.013188518	0.008849558	0.141542002	0.048076923	0.0	0.010204082	0.0	0.006097561	0.114822547	0.11199999999999999	0.0	0.0
Unknown genus (family Lachnospiraceae)	0.0	0.0	0.0	0.0	0.0	0.0	0.0	0.0	0.0	0.0	0.0015616870000000002	0.0	0.0	0.0	0.0	0.0	0.0	0.0	0.0	0.0	0.1550437	0.0	0.0	0.000711238	0.0	0.0	0.0	0.0	0.0	0.0	0.0	0.063518831	0.207943925	0.014492753999999998	0.0	0.0	0.0	0.0	0.0	0.0	0.0	0.0	0.0	0.0	0.0	0.0	0.0	0.012820513	0.0029069770000000003	0.005370569	0.0	0.000775795	0.0	0.001150748	0.016025641	0.0	0.0	0.00621118	0.0	0.002087683	0.0	0.0	0.0
Catonella	0.0	0.0	0.0	0.0	0.0	0.0	0.0	0.0	0.008403361	0.0	0.0	0.0	0.0	0.0	0.0	0.0	0.0	0.0	0.0	0.0	0.002822287	0.0	0.0	0.0	0.0	0.0	0.0	0.0	0.0	0.0	0.0	0.0	0.0	0.0	0.0	0.0	0.0	0.0	0.0	0.0	0.0	0.0	0.0	0.0	0.0	0.0	0.0	0.012820513	0.0	0.0064446830000000005	0.00091659	0.000775795	0.0	0.002301496	0.0	0.0	0.0	0.0	0.0	0.006263048	0.0	0.0	0.0
Moryella	0.001466276	0.0	0.0	0.02020202	0.0	0.0	0.0	0.0	0.0	0.0	0.001041124	0.0	0.0	0.0	0.0026954179999999998	0.02425876	0.0	0.0	0.0	0.028301887	0.0038237440000000004	0.02	0.0	0.000711238	0.0	0.0	0.0	0.0	0.0	0.0	0.0	0.0033726809999999998	0.0046728970000000005	0.0	0.0	0.0	0.0	0.0	0.0	0.0	0.0	0.0	0.0	0.0	0.0	0.0	0.0	0.0	0.0	0.004296455	0.0	0.0	0.0	0.002301496	0.0	0.0	0.0	0.0	0.0	0.006263048	0.0	0.0	0.0
Oribacterium	0.0	0.0	0.0	0.0	0.0	0.008403361	0.0	0.0	0.0	0.0	0.002602811	0.0	0.0	0.0	0.0	0.0	0.0	0.0	0.0	0.0	0.003732702	0.0	0.0	0.0	0.0	0.0	0.0	0.0	0.0	0.0	0.005617978	0.0	0.0	0.0	0.0	0.0	0.0	0.0	0.0	0.0	0.0	0.0	0.0	0.0	0.0	0.0	0.002439024	0.0	0.0	0.009667025	0.0	0.0	0.0	0.003452244	0.0	0.0	0.0	0.0	0.0	0.0	0.0	0.0	0.0
Peptostreptococcus	0.002932551	0.0	0.0	0.0	0.0	0.0	0.0	0.0	0.0	0.0	0.0	0.0	0.0	0.0	0.026954178	0.016172507	0.010638298000000001	0.06557377	0.0	0.08490566	0.005917698000000001	0.026666667	0.0	0.000711238	0.001333333	0.0	0.0	0.0	0.0	0.0	0.0	0.008431703	0.014018692	0.043478261	0.032258065	0.0	0.019417476	0.0	0.0	0.004405286	0.002881844	0.0	0.0	0.0	0.0	0.0	0.002439024	0.012820513	0.0	0.012889366000000001	0.0	0.0	0.0	0.002301496	0.0	0.0	0.0	0.0	0.0	0.002087683	0.0	0.0	0.0021164020000000003
Dialister	0.0	0.0	0.0	0.0	0.0	0.0	0.0	0.0	0.0	0.0	0.002082249	0.0	0.0	0.0	0.0026954179999999998	0.0	0.0	0.0	0.001305483	0.0	0.004369993	0.006666666999999999	0.0	0.0	0.0	0.0	0.0	0.0	0.0	0.0	0.0	0.0	0.0	0.0	0.016129031999999998	0.0	0.0	0.0	0.0	0.0	0.0	0.0	0.0	0.0	0.0	0.0	0.002439024	0.0	0.0	0.0	0.0	0.0	0.0	0.0	0.0	0.0	0.0	0.0	0.0	0.0	0.0	0.0	0.0
Megasphaera	0.0	0.0	0.0	0.0	0.0	0.008403361	0.0	0.0	0.0	0.0	0.028630921	0.0	0.0	0.0	0.0	0.0026954179999999998	0.0	0.0	0.024804178	0.009433961999999999	0.010651856999999999	0.0	0.0	0.0	0.0	0.0	0.0	0.0	0.0	0.0	0.0	0.001124227	0.0	0.014492753999999998	0.0	0.017699115	0.0	0.061538462	0.013157895	0.0	0.0	0.0	0.01373896	0.0	0.0	0.0	0.004878049000000001	0.0	0.0	0.0064446830000000005	0.0	0.0	0.0	0.009205984	0.0	0.0	0.0	0.0	0.0	0.054279749	0.04	0.0	0.0
Selenomonas	0.0	0.0	0.0	0.0	0.0	0.0	0.0	0.0	0.0	0.012195122	0.000520562	0.0	0.0	0.0	0.0	0.0	0.0	0.0	0.001305483	0.0	0.001547706	0.0	0.0	0.0	0.001333333	0.0	0.0	0.0	0.0	0.0	0.0	0.0	0.0	0.0	0.0	0.0	0.0	0.0	0.0	0.0	0.0	0.0	0.0	0.0	0.0	0.0	0.0	0.0	0.0	0.004296455	0.0	0.000775795	0.0	0.008055236	0.0	0.010526316	0.0	0.0	0.0	0.0	0.0	0.0	0.0
Veillonela	0.0	0.0	0.0	0.02020202	0.0	0.058823529000000006	0.046153846	0.0	0.016806723	0.19512195100000002	0.12961999	0.005714286	0.0234375	0.011235955	0.0	0.0	0.0	0.0	0.009138381	0.0	0.05225783	0.0	0.009646301999999999	0.009246088000000001	0.010666667	0.0	0.00126183	0.0	0.0	0.022988506000000002	0.073033708	0.019111861	0.0	0.0	0.0	0.03539823	0.0	0.030769231	0.0	0.0	0.04610951	0.0	0.004906771	0.0	0.0	0.0	0.10975609800000001	0.064102564	0.01744186	0.18582169699999998	0.007332722	0.02094647	0.017699115	0.29919447600000004	0.051282050999999995	0.021052632	0.020408163	0.0	0.006097561	0.229645094	0.128	0.0	0.0
Unknown genus (family Mogibacteriaceae)	0.0	0.0	0.0	0.0	0.0	0.0	0.0	0.0	0.0	0.0	0.001041124	0.0	0.0	0.0	0.0	0.0026954179999999998	0.0	0.0	0.001305483	0.0	0.005098325	0.006666666999999999	0.0	0.0	0.0	0.0	0.0	0.0	0.0	0.0	0.0	0.10118043800000001	0.0	0.0	0.0	0.0	0.009708738	0.0	0.0	0.0	0.0	0.0	0.0	0.0	0.0	0.0	0.009756098000000001	0.0	0.0	0.0064446830000000005	0.0	0.0	0.0	0.003452244	0.0	0.0	0.010204082	0.0	0.0	0.0	0.0	0.0	0.0
Anaerococcus	0.004398827	0.024691357999999997	0.0	0.0	0.0	0.0	0.0	0.0	0.0	0.0	0.0	0.0	0.0	0.0	0.0053908359999999995	0.037735849	0.0	0.0	0.003916449000000001	0.009433961999999999	0.002367079	0.0	0.0	0.0	0.0	0.0	0.0	0.0	0.0	0.0	0.0	0.00786959	0.0046728970000000005	0.15942029	0.0	0.0	0.058252427	0.015384615	0.0	0.0	0.0	0.0	0.0	0.065902579	0.0	0.001333333	0.0	0.012820513	0.0	0.0	0.0	0.0	0.008849558	0.0	0.0	0.0	0.0	0.0	0.0	0.0	0.0	0.0	0.006349206
Parvimonas	0.001466276	0.0	0.0	0.0	0.0	0.0	0.0	0.0	0.008403361	0.0	0.000520562	0.0	0.0	0.0	0.0053908359999999995	0.032345013	0.0	0.0	0.001305483	0.009433961999999999	0.0013656229999999998	0.0	0.0	0.0	0.0	0.0	0.0	0.0	0.0	0.0	0.0	0.008431703	0.0046728970000000005	0.0	0.0	0.0	0.009708738	0.0	0.0	0.0	0.0	0.0	0.0	0.0	0.0	0.0	0.007317073	0.0	0.0	0.015037594	0.0	0.0	0.0	0.002301496	0.0	0.0	0.0	0.0	0.0	0.002087683	0.008	0.0	0.0
Peptoniphilus	0.0	0.024691357999999997	0.0	0.0	0.0	0.0	0.0	0.0	0.0	0.0	0.03539823	0.0	0.0	0.0	0.021563342000000003	0.059299190999999994	0.010638298000000001	0.032786885	0.003916449000000001	0.018867925	0.020666424	0.0	0.0	0.0	0.0	0.0	0.0	0.0	0.0	0.0	0.0	0.074761102	0.009345794000000001	0.0	0.016129031999999998	0.0	0.029126213999999997	0.0	0.013157895	0.0	0.0	0.0	0.0	0.0	0.0	0.0	0.0	0.0	0.0	0.0	0.0	0.0	0.0	0.002301496	0.0	0.0	0.0	0.0	0.0	0.0	0.0	0.0	0.0021164020000000003
WAL_1855D	0.0	0.0	0.0	0.0	0.0	0.0	0.0	0.0	0.0	0.0	0.0	0.0	0.0	0.0	0.013477089	0.008086253	0.0	0.0	0.0	0.028301887	0.01320102	0.02	0.0	0.0	0.0	0.0	0.0	0.0	0.0	0.0	0.0	0.011242271000000002	0.0046728970000000005	0.0	0.0	0.0	0.029126213999999997	0.0	0.0	0.004405286	0.005763689000000001	0.0	0.0	0.0	0.0	0.0	0.0	0.0	0.0	0.0	0.0	0.0	0.0	0.0	0.0	0.0	0.0	0.0	0.0	0.0	0.0	0.015267176	0.0
Fusobacterium	0.0	0.0	0.0	0.0	0.0	0.0	0.0	0.0	0.0	0.024390244	0.003643935	0.0	0.0	0.0	0.0	0.0	0.0	0.0	0.002610966	0.0	0.017753095	0.0	0.0	0.0	0.0	0.0	0.0	0.0	0.0	0.0	0.0	0.09612141699999999	0.0046728970000000005	0.0	0.0	0.0	0.0	0.0	0.013157895	0.0	0.0	0.0	0.0	0.001432665	0.0	0.0	0.017073171	0.025641026	0.0	0.019334049	0.0	0.0	0.0	0.013808976	0.003205128	0.0	0.0	0.0	0.0	0.010438413	0.008	0.0	0.0
Leptotrichia	0.0	0.0	0.0	0.0	0.0	0.016806723	0.0	0.0	0.0	0.0	0.00468506	0.0	0.0	0.0	0.0	0.0	0.0	0.0	0.0	0.0	0.017479971	0.0	0.0	0.0	0.0	0.0	0.0	0.0	0.0	0.0	0.0	0.036537381	0.0	0.0	0.0	0.0	0.0	0.0	0.0	0.0	0.0	0.0	0.0	0.0	0.003623188	0.0	0.009756098000000001	0.0	0.0	0.003222342	0.0	0.0	0.0	0.001150748	0.0	0.0	0.0	0.0	0.0	0.020876827	0.008	0.0	0.0
Unknown genus (family Bradyrhizobiaceae)	0.0	0.0	0.0	0.0	0.0	0.0	0.0	0.0	0.0	0.0	0.000520562	0.04	0.0	0.0	0.0	0.0	0.0	0.0	0.0	0.0	0.0	0.0	0.001607717	0.0	0.0	0.054945055	0.00126183	0.0	0.0	0.0	0.0	0.0	0.0	0.0	0.0	0.0	0.0	0.0	0.0	0.0	0.0	0.0	0.0	0.0	0.0	0.0	0.0	0.0	0.0	0.0	0.0	0.021722265	0.0	0.0	0.0	0.0	0.0	0.0	0.021341462999999998	0.0	0.0	0.0	0.0021164020000000003
Other genus (family Brucellaceae)	0.0	0.0	0.0	0.0	0.0	0.0	0.0	0.0	0.0	0.0	0.0	0.0	0.0	0.0	0.0	0.0	0.0	0.0	0.009138381	0.009433961999999999	0.0	0.04	0.0	0.0	0.0	0.0	0.0	0.0	0.0	0.0	0.0	0.0	0.0	0.0	0.032258065	0.008849558	0.155339806	0.0	0.0	0.0	0.0	0.0	0.0	0.0	0.0	0.0	0.0	0.0	0.0	0.0	0.0	0.000775795	0.0	0.0	0.0	0.0	0.0	0.0	0.00304878	0.0	0.0	0.0	0.0
Ochrobactrum	0.0	0.0	0.0	0.0	0.0	0.0	0.0	0.0	0.0	0.0	0.0	0.0	0.0	0.011235955	0.0	0.0	0.0	0.0	0.0	0.0	0.0	0.0	0.0	0.0	0.0	0.0	0.0	0.0	0.0	0.0	0.0	0.002248454	0.0	0.0	0.0	0.0	0.0	0.0	0.0	0.0	0.0	0.0	0.0	0.001432665	0.005434783	0.001333333	0.0	0.0	0.0	0.0	0.0	0.0	0.0	0.0	0.0	0.0	0.0	0.0	0.0	0.0	0.0	0.007633588	0.0010582010000000002
Methylobacterium	0.30058651	0.111111111	0.780487805	0.272727273	0.115942029	0.0	0.692307692	0.064814815	0.487394958	0.20731707300000002	0.006767309	0.005714286	0.34375	0.0	0.09703504	0.0	0.010638298000000001	0.0	0.010443864	0.0	0.009923525	0.566666667	0.204180064	0.067567568	0.524	0.626373626	0.16340694	0.601123596	0.308823529	0.482758621	0.376404494	0.003934795	0.137850467	0.0	0.016129031999999998	0.03539823	0.0	0.046153846	0.0	0.092511013	0.011527378000000001	0.735849057	0.151128557	0.558739255	0.7427536229999999	0.272	0.21219512199999999	0.41025641	0.26744186	0.195488722	0.834097159	0.5337470910000001	0.7345132740000001	0.112773303	0.342948718	0.515789474	0.428571429	0.155279503	0.11280487800000001	0.008350731	0.128	0.015267176	0.0074074069999999995
Other genus (family Phyllobacteriaceae)	0.0	0.0	0.0	0.0	0.0	0.0	0.015384615	0.0	0.025210084	0.0	0.0	0.0	0.0	0.0	0.021563342000000003	0.0	0.0	0.131147541	0.0	0.0	0.0	0.0	0.0	0.0	0.009333333000000001	0.0	0.0	0.09550561800000001	0.0	0.0	0.016853933	0.0	0.0	0.0	0.0	0.0	0.0	0.0	0.013157895	0.0	0.0	0.018867925	0.0	0.0	0.010869565	0.0	0.0	0.0	0.0	0.016111708	0.0	0.0	0.0	0.0	0.0	0.0	0.0	0.0	0.0	0.0	0.0	0.0	0.0
Agrobacterium	0.004398827	0.0	0.008130080999999999	0.04040404	0.144927536	0.0	0.0	0.0	0.0	0.085365854	0.005205622	0.011428571	0.03125	0.0	0.056603774	0.0	0.0	0.18032786899999997	0.0	0.150943396	9.1e-05	0.0	0.01607717	0.0	0.181333333	0.016483516	0.023974763	0.16853932600000002	0.19117647100000001	0.0	0.11797752800000001	0.001124227	0.0	0.0	0.258064516	0.0	0.0	0.030769231	0.0	0.149779736	0.0	0.0	0.047105005	0.047277937	0.001811594	0.029333333	0.11463414599999999	0.038461537999999997	0.037790698	0.031149302	0.085242896	0.04189294	0.0	0.00575374	0.0	0.221052632	0.010204082	0.049689440999999994	0.018292683	0.060542797	0.0	0.0	0.0
Rhizobium	0.0	0.0	0.0	0.0	0.0	0.0	0.0	0.0	0.0	0.0	0.0	0.0	0.015625	0.0	0.0	0.091644205	0.0	0.0	0.0	0.0	0.0	0.0	0.0	0.0	0.0	0.0	0.0	0.019662921	0.0	0.0	0.0	0.0	0.0	0.0	0.193548387	0.0	0.0	0.0	0.0	0.026431717999999996	0.0	0.0	0.0	0.0	0.0	0.0	0.0	0.0	0.0	0.0	0.0	0.056633049000000005	0.0	0.0	0.0	0.031578947	0.0	0.111801242	0.117378049	0.0	0.0	0.0	0.0
Sphingomonas	0.464809384	0.0	0.06504065	0.141414141	0.031884058	0.0	0.0	0.0	0.117647059	0.0	0.0	0.108571429	0.0	0.0	0.0	0.02425876	0.08510638300000001	0.06557377	0.0	0.009433961999999999	0.0010014569999999999	0.0	0.01607717	0.031294452	0.04	0.005494505	0.000630915	0.005617978	0.0	0.022988506000000002	0.078651685	0.0	0.08878504699999999	0.0	0.064516129	0.0	0.0	0.0	0.0	0.0	0.0	0.028301887	0.0	0.00286533	0.05615942	0.016	0.0	0.012820513	0.084302326	0.003222342	0.0	0.09542280800000001	0.008849558	0.012658228	0.012820513	0.010526316	0.010204082	0.0	0.0	0.0	0.0	0.0	0.0
Unknown genus (family Alcaligenaceae)	0.035190616	0.037037037	0.0	0.10101010099999999	0.0028985509999999996	0.0	0.0	0.037037037	0.0	0.0	0.069234774	0.0	0.0	0.224719101	0.0	0.0026954179999999998	0.0	0.131147541	0.0	0.0	0.0	0.013333333000000001	0.08681672	0.006401138000000001	0.032	0.005494505	0.0	0.0	0.014705882	0.022988506000000002	0.0	0.001686341	0.0	0.0	0.0	0.0	0.0	0.0	0.0	0.0	0.0	0.0	0.0	0.0	0.0	0.001333333	0.0	0.012820513	0.0	0.0	0.00091659	0.004654770999999999	0.0	0.0	0.0	0.0	0.0	0.0	0.0	0.0	0.0	0.0	0.0
Burkholderia	0.0	0.0	0.0	0.0	0.0	0.0	0.0	0.0	0.0	0.0	0.167100469	0.0	0.0	0.0	0.0026954179999999998	0.0	0.0	0.016393443	0.0	0.0	0.0	0.0	0.0	0.0	0.0	0.0	0.008201893	0.0	0.0	0.045977011	0.0	0.0	0.0	0.0	0.0	0.0	0.0	0.0	0.0	0.0	0.008645533	0.0	0.007850834000000001	0.0	0.0	0.0	0.0	0.0	0.0	0.0	0.0	0.0	0.0	0.0	0.0	0.0	0.0	0.0	0.0	0.0	0.0	0.0	0.0
Delftia	0.001466276	0.0	0.0	0.0	0.011594203	0.10924369699999999	0.046153846	0.009259259	0.134453782	0.0	0.0	0.022857142999999996	0.1328125	0.02247191	0.0	0.0	0.106382979	0.262295082	0.001305483	0.0	0.0	0.046666667	0.0048231509999999995	0.0	0.094666667	0.016483516	0.0063091480000000005	0.02247191	0.044117647	0.0	0.02247191	0.0	0.011682243	0.0	0.0	0.0	0.0	0.030769231	0.0	0.123348018	0.0	0.0	0.0	0.008595989	0.003623188	0.001333333	0.0	0.0	0.127906977	0.0	0.025664528	0.023273856000000002	0.061946903	0.008055236	0.022435897000000003	0.031578947	0.163265306	0.18012422399999997	0.025914634	0.016701461	0.0	0.0	0.0
Unknown genus (family Oxalobacteraceae)	0.002932551	0.024691357999999997	0.089430894	0.0	0.0	0.0	0.015384615	0.0	0.0	0.0	0.0	0.177142857	0.03125	0.0	0.080862534	0.0	0.18085106399999998	0.0	0.003916449000000001	0.160377358	0.0	0.0	0.0	0.0	0.008	0.0	0.0	0.0	0.0	0.0	0.04494382	0.0	0.0046728970000000005	0.0	0.0	0.017699115	0.08737864099999999	0.061538462	0.0	0.0	0.034582133	0.0	0.0	0.015759312	0.014492753999999998	0.0	0.002439024	0.0	0.0	0.0	0.0	0.0	0.0	0.0	0.012820513	0.010526316	0.0	0.0	0.0	0.0	0.008	0.0	0.0
Cupriavidus	0.0	0.0	0.0	0.0	0.04057971	0.14285714300000002	0.015384615	0.0	0.0	0.0	0.0	0.062857143	0.0078125	0.101123596	0.0053908359999999995	0.0	0.0	0.0	0.0	0.0	0.0005462490000000001	0.0	0.0	0.000711238	0.0	0.016483516	0.0063091480000000005	0.039325843	0.0	0.0	0.0	0.019673974	0.0046728970000000005	0.0	0.0	0.0	0.097087379	0.0	0.0	0.004405286	0.095100865	0.0	0.0	0.014326648	0.0	0.009333333000000001	0.0	0.0	0.0	0.001074114	0.0	0.010861133	0.0	0.0	0.03525641	0.0	0.040816327	0.0	0.009146341	0.091858038	0.0	0.0	0.0
Unknown genus (family Neisseriaceae)	0.0	0.0	0.0	0.0	0.0	0.0	0.0	0.0	0.0	0.0	0.000520562	0.0	0.0	0.0	0.0	0.258760108	0.13297872300000002	0.0	0.007832898000000001	0.0	0.0010924980000000001	0.0	0.0	0.0	0.0	0.0	0.0	0.0	0.0	0.0	0.0	0.038785835	0.0	0.0	0.0	0.0	0.0	0.015384615	0.013157895	0.0	0.0	0.0	0.0	0.0	0.0	0.0	0.0	0.0	0.0	0.001074114	0.0	0.0	0.0	0.0	0.0	0.0	0.0	0.0	0.0	0.0	0.055999999999999994	0.0	0.0
Neisseria	0.001466276	0.0	0.0	0.0	0.0	0.008403361	0.0	0.0	0.0	0.012195122	0.017178553	0.0	0.0	0.0	0.0	0.0	0.0	0.0	0.037859008	0.0	0.06318281099999999	0.006666666999999999	0.0	0.0	0.0	0.0	0.0	0.0	0.0	0.0	0.0	0.0	0.0	0.028985507	0.0	0.088495575	0.0	0.0	0.026315789	0.0	0.0	0.0	0.0	0.0	0.0	0.0	0.0	0.012820513	0.0	0.0	0.00091659	0.000775795	0.0	0.006904488	0.0	0.0	0.0	0.0	0.0	0.018789144	0.008	0.0	0.0
Campylobacter	0.0	0.0	0.0	0.0	0.031884058	0.0	0.0	0.0	0.0	0.0	0.000520562	0.0	0.0	0.0	0.0	0.0	0.0	0.0	0.0	0.0	0.005462491	0.0	0.0	0.0021337129999999998	0.0	0.0	0.0	0.0	0.0	0.0	0.0	0.001124227	0.0046728970000000005	0.0	0.0	0.0	0.009708738	0.0	0.0	0.0	0.0	0.0	0.0	0.0	0.0	0.0	0.009756098000000001	0.0	0.0	0.002148228	0.0	0.0	0.0	0.002301496	0.0	0.0	0.0	0.0	0.0	0.0	0.0	0.0	0.0
Unkonwn genus (family Enterobacteriaceae)	0.004398827	0.012345678999999998	0.008130080999999999	0.03030303	0.0	0.0	0.0	0.0	0.0	0.0	0.001041124	0.154285714	0.0	0.0	0.008086253	0.0	0.0053191490000000004	0.0	0.391644909	0.0	0.0	0.0	0.0	0.129445235	0.0	0.021978022000000003	0.664353312	0.008426966	0.0	0.0	0.0	0.006183249	0.0	0.014492753999999998	0.0	0.30088495600000004	0.009708738	0.16923076899999998	0.407894737	0.0	0.011527378000000001	0.0	0.0	0.0	0.0	0.0	0.0	0.012820513	0.046511628	0.0	0.0	0.0	0.0	0.0	0.0	0.0	0.0	0.0	0.007621951	0.0	0.0	0.0	0.0
Haemophilus	0.0	0.0	0.008130080999999999	0.0	0.0	0.0	0.0	0.0	0.0	0.012195122	0.007287871	0.005714286	0.0	0.0	0.0	0.0	0.0	0.0	0.006527415	0.0	0.022487253999999998	0.0	0.0	0.000711238	0.02	0.0	0.0	0.0	0.0	0.0	0.005617978	0.0	0.0	0.0	0.0	0.008849558	0.0	0.015384615	0.0	0.0	0.0	0.028301887	0.000981354	0.0	0.0	0.001333333	0.007317073	0.0	0.0	0.019334049	0.0	0.004654770999999999	0.017699115	0.035673188	0.006410256	0.0	0.0	0.0	0.0	0.020876827	0.0	0.0	0.0
Acinetobacter	0.016129031999999998	0.0	0.0	0.0	0.0	0.0	0.0	0.0	0.016806723	0.0	0.0	0.0	0.0	0.0	0.0	0.0	0.0	0.0	0.002610966	0.009433961999999999	0.0	0.0	0.0	0.0	0.0	0.0	0.0	0.0	0.0	0.011494253000000001	0.02247191	0.0	0.0	0.0	0.0	0.0	0.0	0.0	0.0	0.0	0.0	0.0	0.001962709	0.008595989	0.025362318999999998	0.0	0.007317073	0.0	0.029069767000000003	0.021482277	0.0	0.0	0.0	0.0	0.102564103	0.0	0.0	0.385093168	0.0	0.0	0.0	0.0	0.0
Unkown genus (family Pseudomonadaceae)	0.0	0.0	0.0	0.0	0.055072464	0.0	0.015384615	0.046296295999999994	0.0	0.0	0.0	0.0	0.0	0.0	0.0	0.032345013	0.0	0.0	0.0	0.0	0.0	0.0	0.11575562699999999	0.004267425	0.0	0.0	0.0	0.0	0.0	0.0	0.0	0.0	0.007009346	0.0	0.0	0.0	0.009708738	0.0	0.0	0.0	0.0	0.0	0.0	0.0	0.0	0.0	0.058536585	0.0	0.0	0.0	0.0	0.0	0.0	0.0	0.0	0.0	0.0	0.0	0.0	0.027139875	0.0	0.0	0.0
Pseudomonas	0.008797654	0.0	0.0	0.0	0.005797101	0.10924369699999999	0.046153846	0.064814815	0.008403361	0.0	0.0	0.0	0.0	0.112359551	0.0	0.0053908359999999995	0.0	0.0	0.0	0.0	0.0	0.006666666999999999	0.151125402	0.0	0.021333333	0.038461537999999997	0.0	0.0	0.0	0.0	0.0	0.0	0.035046729	0.0	0.0	0.0	0.019417476	0.076923077	0.0	0.030837003999999998	0.0	0.0	0.010794897	0.0	0.0	0.0	0.007317073	0.0	0.0	0.0	0.0	0.0	0.0	0.0	0.0	0.010526316	0.0	0.0	0.027439024	0.0	0.0	0.0	0.0
Unknown genus (family Xanthomonadaceae)	0.0	0.0	0.0	0.0	0.0	0.0	0.0	0.0	0.0	0.0	0.0	0.0	0.0	0.0	0.0	0.061994609000000006	0.063829787	0.0	0.0	0.0	0.0	0.0	0.0	0.0	0.030666667	0.032967033	0.0	0.0	0.0	0.0	0.0	0.001124227	0.0	0.0	0.0	0.0	0.0	0.0	0.0	0.0	0.0	0.0	0.0	0.0	0.025362318999999998	0.0	0.0	0.0	0.0	0.0	0.0	0.0	0.0	0.0	0.0	0.0	0.0	0.0	0.050304878	0.0	0.0	0.0	0.0
Stenotrophomonas	0.0	0.0	0.0	0.0	0.0	0.235294118	0.0	0.0	0.0	0.0	0.0	0.0	0.0	0.078651685	0.0	0.115902965	0.0	0.0	0.0	0.0	0.0	0.0	0.0	0.0	0.002666667	0.0	0.0	0.002808989	0.088235294	0.0	0.011235955	0.001124227	0.0	0.0	0.0	0.0	0.0	0.0	0.0	0.0	0.002881844	0.0	0.0	0.0	0.0	0.0	0.0	0.0	0.0	0.0	0.0	0.0	0.0	0.0	0.0	0.0	0.0	0.0	0.0	0.0	0.0	0.0	0.0
TG5	0.0	0.0	0.0	0.0	0.0	0.0	0.0	0.0	0.008403361	0.0	0.000520562	0.0	0.0	0.0	0.0	0.0	0.0	0.0	0.001305483	0.0	0.0	0.0	0.0	0.0	0.0	0.0	0.0	0.0	0.0	0.0	0.005617978	0.0	0.0	0.0	0.0	0.0	0.0	0.0	0.0	0.0	0.0	0.0	0.0	0.0	0.0	0.0	0.002439024	0.0	0.0	0.002148228	0.0	0.0	0.0	0.0	0.0	0.0	0.0	0.0	0.0	0.002087683	0.0	0.0	0.0
Unknown genus (class TM7-3)	0.0	0.0	0.0	0.0	0.0	0.008403361	0.0	0.0	0.0	0.024390244	0.008328995	0.0	0.0078125	0.0	0.0	0.0	0.0053191490000000004	0.0	0.0	0.0	0.003095412	0.0	0.0	0.0	0.0	0.0	0.0	0.0	0.0	0.0	0.0	0.0	0.0	0.0	0.0	0.0	0.0	0.0	0.0	0.0	0.0	0.0	0.000981354	0.0	0.0	0.0	0.002439024	0.051282050999999995	0.0	0.029001073999999998	0.0	0.0	0.0	0.013808976	0.009615385	0.0	0.0	0.0	0.0	0.018789144	0.0	0.0	0.0
