OTU	0	1	2	3	4	5	6	7	8	9	10	11	12	13	14	15	16	17	18	19	20	21	22	23	24	25	26	27	28	29	30	31	32	33	34	35	36	37	38	39	40	41	42	43	44	45	46	47	48	49	50	51	52	53	54	55	56	57	58	59	60	61	62	63	64
Other genus (order Actinomycetales)	0.0	0.0	0.0	0.0	0.0	0.0	0.0	0.0	3.83e-05	3.71e-05	0.0	5.63e-06	0.0	0.0	0.0	0.0	0.0	0.0	0.0	0.0	0.0	0.0	0.0	0.0	0.0	0.0	0.0	0.0	0.0	3.14e-06	0.0	0.0	3.88e-06	0.0	0.0	1.87e-05	0.0	3.26e-06	0.0	0.0	0.0	0.0	4.4e-05	0.0	0.0	0.0	0.0	0.0	7.43e-06	8.84e-06	0.0	2.85e-05	0.0	0.0	0.0	0.0	0.0	0.0	0.0	0.0	0.0	0.0	0.0	0.0	0.0
Unknown genus (order Actinomycetales)	5.42e-05	0.0	0.0	0.0	0.0	1.09e-05	0.0	0.0	0.000413505	0.002291027	0.0	0.0	0.0	0.0	0.0	0.0	0.0	0.0	0.0	0.0	0.0	0.0	0.0	5.400000000000001e-05	0.000220771	0.0	0.0	0.0	0.0	0.000157186	0.0	0.0	0.0	0.0	9.18e-05	0.000362324	0.0	1.96e-05	0.0	0.0	0.0	0.0	0.0	0.0	0.0	0.0	0.0	0.0	0.0	2.36e-05	0.0	0.0006546740000000001	0.0	0.0	0.0	0.0	2.2e-05	0.0	0.0	0.000131011	1.14e-05	0.0	0.0	2.28e-05	0.0
Other genus (family Actinomycetaceae)	0.013645963	0.000183986	1.51e-05	0.000449889	0.00032794300000000003	2.46e-05	0.000920602	0.0	7.66e-06	4.45e-05	6.6e-06	0.000123923	0.0	0.000621134	0.003079368	0.000731282	0.000571617	6.159999999999999e-05	0.0	0.0	7.12e-06	0.0	4.51e-05	1.29e-05	7.79e-05	0.000165417	0.006764684	1.26e-05	0.0	0.000562725	0.000143984	0.0	0.000135698	9.89e-05	1.67e-05	1.12e-05	0.0	3.26e-06	0.048925197	0.020068128	4.07e-05	0.00035707400000000003	7.33e-06	0.0	1.3699999999999998e-05	0.028218049	0.000165464	0.0	0.0	0.0	7.67e-06	0.00014232	2.24e-05	0.0	3.43e-05	0.0	0.0	1.63e-05	1.04e-05	0.0	0.0	0.000102473	2.37e-05	9.11e-05	2.22e-05
Actinobaculum	0.012292197	0.0	3.02e-06	0.0	6.13e-05	0.001633683	8.499999999999999e-05	0.000100999	0.000199095	0.000244673	0.0	0.058711204	2.4100000000000006e-05	8.39e-06	0.000869177	0.008465995	0.0	0.023431246	0.005875647	0.0	3.56e-06	0.00292201	1.5e-05	0.000159542	0.001090867	0.0	0.002254895	4.19e-06	3.75e-05	0.000163473	2.88e-05	0.0	0.001151493	0.011782766	0.0	0.009752872	0.0	6.52e-06	0.068165661	0.0	0.0	0.0	0.00266868	0.000360181	0.00015780299999999998	0.000549702	1.27e-05	0.0	0.0	0.0	6.9e-05	5.69e-05	0.0	0.000131229	0.0	0.0	3.67e-06	0.0	5.18e-06	0.001056537	7.62e-06	1.55e-05	2.37e-05	0.000404226	2.22e-06
Actinomyces	0.004765257	0.000183986	3.02e-06	0.001083822	3.6e-05	0.001710305	0.003427471	0.011653714	0.006034106	0.00071919	3.63e-05	0.001920802	6.02e-05	2.52e-05	0.010281117	0.018816448	0.000307794	0.060286963	0.013592914	0.0	0.002179549	2.87e-06	0.012428061	0.000957251	0.000688285	3.68e-05	3.67e-05	4.19e-06	0.000614859	0.000723054	5.76e-05	0.00032955800000000003	8.92e-05	0.00079138	5.84e-05	0.00074706	0.000761744	8.149999999999999e-05	0.0006850819999999999	0.009552725	0.0	0.0	0.00021628	9.24e-05	0.002572881	0.002198809	0.0	4.71e-05	2.97e-05	0.001063811	0.000138082	0.001907093	8.98e-06	2.5e-05	0.0	0.0	0.000421511	0.0	1.04e-05	0.002108849	7.62e-06	1.24e-05	0.00011863	0.000222039	2.22e-06
Arcanobacterium	0.0	0.001398293	0.0	0.000112472	0.0	0.001992163	0.0	5.18e-05	0.003583708	2.22e-05	3.3e-06	0.005672281	0.0	0.0	4.9700000000000015e-05	0.005175226	0.0	0.000708172	0.000876962	0.0	0.0	6.6e-05	7.52e-06	7.209999999999999e-05	0.0	0.0	0.0	0.0	2.25e-05	3.14e-06	0.0	0.0	0.000147329	6.59e-05	0.000959829	0.000575236	0.0	5.21e-05	6.46e-06	0.0	0.0	0.0	0.000553531	0.0	9.61e-05	0.0	1.27e-05	0.0	0.008329898	0.002711097	0.0	0.0	0.0	0.00014997600000000002	0.0	0.0	0.000161274	0.0	0.0	0.0	0.000708515	0.0	7.120000000000001e-05	0.000150873	0.0
Mobiluncus	0.007418639	0.002796585	1.51e-05	0.0	5.770000000000001e-05	0.001827973	0.000297425	7.25e-05	0.005773751999999999	0.000118629	3.3e-06	0.001689855	6.02e-05	0.0	0.000198669	0.028773134	0.0	0.000307901	0.010172762	0.0	0.0	0.0	0.0	5.400000000000001e-05	2.6e-05	0.0	3.67e-05	0.0	0.0	0.005404046	0.0	0.0	0.000538914	0.001520475	0.00059259	0.002442887	0.0	7.49e-05	0.000303763	0.0	0.0	0.0	0.000377574	0.0	0.002154359	0.0	1.27e-05	0.000250992	0.00021911	0.0183058	6.14e-05	0.000398497	2.24e-05	0.003224476	0.0	0.0	0.000630434	0.0	3.620000000000001e-05	5.920000000000001e-05	0.000579001	1.55e-05	0.0	0.00014518	0.0
Trueperella	0.0	0.0	0.0	0.000112472	0.0	0.0	0.0	0.0	0.001807169	0.001371651	0.0	0.0	0.0	0.0	0.000248336	0.0	0.0	0.0	0.0	0.0	0.0	1.7199999999999998e-05	0.0	0.000257325	0.0	0.0	0.0	0.0	0.0	0.0	0.0	1.73e-05	0.0	0.000267457	0.0	0.001531474	0.0	2.93e-05	0.0	0.0	0.0	0.0	2.93e-05	0.0	0.0	0.0	7.64e-05	0.0	0.0	2.36e-05	0.0	0.0	0.0	0.0	0.0	0.0	2.57e-05	0.0	0.0	0.0	0.0	0.0	0.0	0.0	0.0
Varibaculum	0.00422375	0.0	6.04e-06	0.000204495	1.8e-05	2.19e-05	8.499999999999999e-05	0.000341842	0.002986423	5.93e-05	0.0	0.0008674589999999999	0.0	0.0	0.002582696	0.0	0.0	0.000800542	0.015434535	0.0	3.56e-06	0.000127605	0.0	4.120000000000001e-05	0.000389595	0.0	0.0	0.0	0.000269938	0.002797906	0.001065484	0.0	6.2e-05	0.000120905	0.000200312	0.002061886	0.0	1.96e-05	2.59e-05	0.000296209	0.0	0.000384541	0.001077736	0.0	0.000686102	0.0005038940000000001	2.55e-05	7.840000000000001e-05	0.0	0.001414486	5.37e-05	0.000284641	4.49e-06	0.0	0.0	1.56e-05	2.93e-05	0.0	3.11e-05	0.000152141	7.62e-06	6.21e-06	0.0	2.28e-05	0.0
Brevibacterium	0.0	0.0	3.02e-06	0.0	0.0	5.47e-06	0.001359658	5.18e-06	0.002435084	0.001297507	3.3e-06	0.0	0.0	2.52e-05	0.0	0.0	0.0	0.0	8.77e-05	0.0	3.56e-06	0.0	0.0	0.0017215070000000002	0.000103892	0.0	0.007479650999999999	0.0	0.000112474	0.0008582339999999999	8.640000000000001e-05	0.002410976	0.0	3.66e-06	0.001218566	0.000754531	0.0	0.000120559	0.0	0.0	0.0	0.0	0.0	0.0	0.005420203	4.58e-05	0.0	0.0	1.49e-05	9.43e-05	0.0	0.001878629	0.0	0.0	0.0	0.0	0.000157608	0.0	0.0	0.000147915	3.81e-06	0.0	0.0	0.000424152	0.0
Corynebacterium	0.069800184	0.001103915	0.000648777	0.025234658	0.00177666	0.000651284	0.071282894	0.001237883	0.07262368799999999	0.043351573	0.0001518	0.005891962	0.000854187	0.004146487	0.027763981	0.004387692	0.011036605	0.018135353	0.140577041	5.51e-05	0.000480783	7.170000000000001e-05	0.002001128	0.014163191	0.003597262	0.001369284	0.042476351	0.0007077110000000001	0.059798745999999986	0.407041921	0.004146749	0.414358316	0.003105542	0.020235142	0.035830836	0.033658803	0.020059247	0.001052446	0.001350775	0.162026066	0.000902997	0.0032960690000000004	0.001187709	0.0025305	0.017378955	0.131195602	0.007114946	0.000705916	0.000185687	0.010452459	0.001350138	0.042809974	0.001261634	0.00043118	0.000397367	9.37e-05	0.005406337	3.26e-05	0.001009541	0.004665669	0.000380922	6.21e-05	0.001637088	0.004927567	0.000499806
Other genus (family Dermabacteraceae)	0.0	0.0	0.0	0.0	0.0	0.0	0.0	0.0	3.06e-05	0.00017053	0.0	0.0	0.0	0.0	0.0	0.0	0.0	0.0	0.0	0.0	0.0	0.0	0.0	1.29e-05	0.0	0.0	0.0	0.0	3.75e-05	0.0	0.0	0.00017345200000000002	0.0	0.0	8.35e-06	0.0	0.0	0.0	0.0	0.0	0.0	0.0	0.0	0.0	0.0	4.58e-05	0.0	0.0	0.0	4.42e-05	0.0	0.0	0.0	0.0	0.0	0.0	0.0	0.0	0.0	0.0	0.0	0.0	0.0	8.54e-06	0.0
Dermabacter	0.000974712	0.0	6.04e-06	0.0	3.6000000000000007e-06	0.0	0.000396567	0.0	0.0	0.0005264169999999999	0.0	0.0	0.0	6.709999999999999e-05	0.0	0.0	0.0	0.0	0.0	7.86e-06	1.42e-05	0.0	0.0	0.000159542	0.0	2.7600000000000007e-05	0.000458312	0.0	0.000659848	3.46e-05	2.88e-05	0.036754375	0.0	0.0	6.68e-05	0.0	0.0	0.0	0.0	0.002295616	0.0	0.0	0.0	0.0	0.000109776	0.0005038940000000001	0.0	0.0	3.71e-06	3.54e-05	7.67e-06	2.85e-05	0.0	0.0	0.0	0.0	3.67e-06	0.0	0.0	0.0	0.0	0.0	0.0	0.000105326	0.0
Pseudoclavibacter	0.0	0.0	0.0	0.0	0.0	0.0	0.0	0.0	0.001669334	0.000355888	0.0	0.0	0.0	0.0	0.0	0.0	0.0	0.0	0.0	0.0	0.0	0.0	0.0	0.0	0.0	0.0	0.000384982	0.0	0.00017995900000000002	0.0	0.0	0.000312213	0.0	0.0	0.0	0.0	0.0	3.26e-06	0.0	0.0	0.0	0.0	0.0	0.0	0.0	0.0	0.0	0.0	2.23e-05	2.65e-05	0.0	0.0	8.98e-06	0.0	0.0	0.0	0.000817365	0.0	0.0	0.000156368	0.0	0.0	0.0	0.000196419	0.0
Other genus (family Micrococcaceae)	0.0	0.0024654110000000003	0.0	3.07e-05	0.0	0.0	0.0	0.0	1.53e-05	0.0	0.0	0.0	0.0	0.0	0.0	0.0	0.0	0.0	0.0	0.0	0.0	0.0	0.0	0.0	0.0	0.0	0.0	0.0	0.0	1.57e-05	0.0	0.0	0.0	0.0	0.0	7.47e-06	0.0	0.0	0.0	0.0	0.0	0.0	0.0	0.0	0.0	0.0	0.0	0.0	0.000609052	0.0	0.0	0.0	0.0	0.0	0.0	0.0	0.0	0.0	0.0	0.0	0.000133323	0.0	0.0	0.0	0.0
Unknown genus (family Micrococcaceae)	0.000270753	3.68e-05	0.0	0.0	0.0	3.01e-05	0.0	5.18e-06	0.008698915	0.008726663	2.64e-05	0.0	0.0	0.0	0.0	0.0	0.0	0.0	0.0	0.0	7.12e-06	0.0	0.0	0.000211007	0.000480501	0.0	0.0	0.0	0.0	0.001097157	0.000172781	0.0	0.0	0.0	0.001652575	0.00105709	0.0	0.000101009	0.0	0.0	0.0	5.4899999999999986e-05	0.0	0.0	6.86e-06	0.0	0.0	0.0	7.43e-06	9.14e-05	0.0	0.003358761	0.0	0.0	3.43e-05	0.0	9.16e-05	0.0	5.18e-06	0.000418389	7.62e-05	0.0	0.0	0.000415612	1.7800000000000002e-05
Micrococcus	0.0	0.0	0.0	0.0	0.0	0.0	0.0	0.0	0.0	0.000355888	0.0	0.0	0.0	0.0	0.0	0.0	0.0	0.0	0.0	0.0	0.0	0.0	0.0	7.72e-06	0.0	3.68e-05	0.0	0.0	3.75e-05	0.0	0.000115187	0.0	0.0	0.0	0.0	0.0	0.0	0.0	0.0	0.0	0.0	0.0	1.1e-05	0.0	0.000569464	0.0	0.0	0.0	0.0	5.89e-06	0.0	0.0	4.49e-06	1.25e-05	0.0	0.0	3.67e-06	0.0	0.0	0.0	0.0	0.0	0.0	0.000290359	0.0
Rothia	0.000758109	0.0	0.0	0.0	0.0	0.0	0.0	7.77e-06	0.0	0.0	0.0	0.0	0.0	8.39e-06	0.0	0.0	0.001560954	0.0	0.0	0.0	0.003280008	0.0	0.008154975	0.0	0.000129865	0.0	0.0	0.0	2.25e-05	0.0	0.0	0.000121416	0.0	3.66e-06	0.0	3.74e-06	0.0	6.52e-06	6.46e-06	0.0	8.14e-06	0.0	0.0	0.0	0.0	0.0	1.27e-05	0.0	3.71e-06	0.0	0.0	0.000370033	0.0	0.000193719	1.96e-05	0.0	0.0	0.0	0.0	0.0	0.0	0.0	7.120000000000001e-05	8.54e-06	0.0
Other genus (family Propionibacteriaceae)	0.000920561	3.68e-05	3.02e-06	1.02e-05	3.96e-05	0.000298277	0.001161374	1.55e-05	0.003093628	0.000311402	0.0	0.03837098	0.0	4.2e-05	0.0014900170000000002	2.81e-05	0.0	0.033191699	0.0	0.0	1.42e-05	0.000270981	7.52e-06	1.8e-05	0.007272444	0.0	0.0	0.0	0.0	5.03e-05	0.000115187	0.0	8.14e-05	0.002165303	0.003338536	0.023170076	0.0	0.0	6.46e-06	0.0	8.14e-06	5.4899999999999986e-05	0.000142965	5.5399999999999985e-05	0.000185247	0.000778745	2.55e-05	1.57e-05	0.0	0.002893802	0.000130411	0.0	0.0	0.0005499109999999999	0.0	0.0	0.0	0.0	1.04e-05	0.000718445	3.81e-06	9.32e-06	2.37e-05	5.12e-05	4.44e-06
Unknown genus (family Propionibacteriaceae)	0.0	0.0	0.0	0.0	3.6000000000000007e-06	3.5600000000000005e-05	0.0	1.8100000000000006e-05	3.83e-05	1.4800000000000002e-05	0.0	0.000174618	1.2e-05	0.0	0.0	0.0	0.0	0.000800542	0.0	0.0	0.000231488	0.0	0.001000564	5.15e-05	2.6e-05	0.0	0.000384982	0.0	4.5e-05	0.0	0.0	6.94e-05	0.0	1.47e-05	5.01e-05	0.027943791000000003	0.0	3.91e-05	1.29e-05	0.0	0.0	0.0	0.000146631	0.0	0.0	0.000137426	0.0	0.0	0.0	0.000624731	0.0	0.000313105	0.0	0.0	0.0	0.0	2.2e-05	0.0	1.55e-05	0.0	3.81e-06	0.0	0.0	0.0	2.22e-06
Propionibacterium	0.0	0.000110392	9.05e-06	0.0	0.0	1.92e-05	0.002209444	2.59e-06	0.0	0.0	0.0	6.759999999999999e-05	0.000120308	0.0	0.0	0.0	0.000109926	0.0	0.000526177	0.0	7.12e-06	0.0	2.26e-05	0.0	0.0	0.001194677	5.5e-05	0.0	7.4999999999999985e-06	0.00013832299999999998	0.0	0.000104071	0.0	6.96e-05	4.17e-05	3.74e-06	0.001946678	0.0	0.000407171	0.0005924169999999999	0.0	0.0	0.000102642	2.77e-05	3.43e-05	0.000137426	1.27e-05	0.0	0.0	0.0	9.97e-05	0.00014232	2.24e-05	0.0	4.91e-06	2.34e-05	3.67e-06	0.0	0.0	0.00027047400000000004	0.0	0.0	0.0	0.0	4.22e-05
Other genus (family Bifidobacteriaceae)	0.0	0.005004415999999999	1.21e-05	0.0008895519999999998	6.13e-05	2.46e-05	1.42e-05	0.007458376999999999	0.003055341	0.004708098	1.98e-05	1.13e-05	0.004692012	0.000251811	0.000521506	0.000140631	0.002528306	0.015487407	8.77e-05	0.0	1.42e-05	0.0	1.5e-05	0.000257325	0.009337299	9.19e-06	0.11157146	2.09e-05	0.0	0.047331772	2.88e-05	1.73e-05	0.005800113000000001	0.009258411	0.001410531	0.0	0.011426153	0.001098063	0.017967245	0.000148104	1.63e-05	0.000137336	1.47e-05	2.77e-05	0.001125207	0.0	0.000140008	0.004408051	0.00298584	0.001331974	0.0	0.0	8.98e-06	0.017059728	0.000260005	0.0	0.004427698	0.000862602	2.07e-05	1.27e-05	0.001839853	0.000968839	0.0	1.14e-05	0.005411229
Unknown genus (family Bifidobacteriaceae)	0.0	0.000367972	0.0	0.000112472	0.0	0.0	1.42e-05	0.00109027	0.000359902	0.000652461	0.0	0.0	0.000372955	3.3600000000000004e-05	0.0	0.0	2.2e-05	0.00015395	0.0	0.0	0.0	0.0	0.0	2.0600000000000006e-05	0.000103892	0.0	0.0005499740000000001	0.0	0.0	0.00030494	0.0	0.0	0.000569931	6.96e-05	0.000225351	0.0	0.001692763	8.8e-05	0.000142187	0.0	8.14e-06	0.0	0.0	0.0	2.0600000000000006e-05	4.58e-05	0.0	0.000298053	0.000367659	0.000126714	0.0	0.0	0.0	0.001743467	1.47e-05	0.0	0.000476491	0.000113929	0.0	0.0	0.000186652	9.32e-05	0.0	2.85e-06	3.78e-05
Bifidobacterium	0.000541506	0.529732117	0.000226317	0.060407763	8.290000000000001e-05	0.00016418900000000002	0.000750644	0.423224039	0.155539049	0.26240046300000003	0.0003267	0.065656509	0.747810395	0.007613084	0.000248336	0.000731282	0.000329779	0.000307901	0.004297115	6.29e-05	9.62e-05	4.59e-05	0.001655069	0.013826094	0.000428555	7.35e-05	0.0013566029999999998	0.000205194	0.000187457	0.007350006	0.000172781	0.000190797	0.491726309	0.000348061	0.277532488	0.00017182400000000005	0.865848498	0.045453953	0.390186523	0.004443128	0.000203378	0.009778339	8.43e-05	0.002955328	0.010408162	0.0017865320000000004	0.000369112	0.51903619	0.204485444	0.07943514900000001	0.000345206	0.000227713	7.63e-05	0.541705723	0.043401262	2.34e-05	0.320040465	0.18653364100000006	0.000227794	0.000173272	0.2499381	0.088925117	0.000142356	0.000193573	0.00078414
Gardnerella	0.0	3.68e-05	0.0	0.0	0.0	0.0	0.0	6.73e-05	3.06e-05	3.71e-05	6.6e-06	0.0	2.4100000000000006e-05	0.0	0.0	0.0	0.0	0.0	0.0	0.0	0.0	1.43e-06	0.0	0.0	1.3e-05	0.0	0.0	0.0	0.0	0.0	0.0	0.0	4.26e-05	0.0	4.17e-05	0.0	8.46e-05	9.12e-05	0.0	0.0	8.14e-06	0.0	0.0	0.0	0.0	0.0	0.0	7.840000000000001e-05	0.000141122	2.0600000000000006e-05	0.0	0.0	0.0	3.75e-05	3.43e-05	0.0	0.0003335430000000001	1.63e-05	5.18e-06	0.0	8.759999999999999e-05	3.11e-05	0.0	0.0	0.0
Other genus (family Coriobacteriaceae)	0.0	0.000110392	0.0	0.0	0.0	1.64e-05	0.0	0.0	3.83e-05	0.0	0.0	0.0	0.0	0.0	0.0	0.0	0.0	0.0	0.0	0.0	0.0	0.0	0.0	0.0	0.0	0.0	0.0	0.0	0.0	3.14e-06	0.0	0.0	5.4299999999999985e-05	0.0	0.0	0.0	0.0	0.000143367	0.0	0.0	0.0	0.0	0.0	0.0	0.0	0.0	0.0	7.840000000000001e-05	5.94e-05	4.42e-05	0.0	0.0	0.0	8.75e-05	0.0	0.0	0.000502148	0.0	0.0	0.0	9.9e-05	4.35e-05	0.0	0.0	0.0
Unknown genus (family Coriobacteriaceae)	0.000974712	0.113592876	5.73e-05	0.0004703380000000001	1.44e-05	0.056702752	0.000155794	0.002188308	0.10686035	0.000244673	0.0001254	0.000309807	0.0013113570000000002	1.6800000000000002e-05	0.008195093	0.000140631	2.2e-05	0.0006773819999999999	0.000613874	7.86e-06	0.000306277	1.58e-05	0.001135979	0.000849174	7.79e-05	0.000119468	0.000164992	8.38e-06	4.5e-05	0.002643864	0.000374359	3.47e-05	0.031768802	5.5e-05	0.005458506	8.22e-05	0.000507829	0.07414370599999999	5.17e-05	0.0006664689999999999	8.14e-06	0.000137336	0.000102642	0.0	0.004233247	0.0	0.000140008	0.107738403	0.06391702	0.195770688	9.97e-05	0.000113856	2.69e-05	0.325072176	2.45e-05	4.68e-05	0.022757928	0.001302041	0.000750685	0.000160594	0.04443454	0.014467372	0.0	5.98e-05	4.44e-06
Adlercreutzia	0.0	0.008389756	6.04e-06	0.0	0.0	0.0	0.0	8.290000000000001e-05	0.0	0.0	6.6e-06	0.0	0.0	0.0	0.0	0.0	0.0	0.0	0.0	0.0	0.0	0.0	4.51e-05	0.0	0.0	0.0	0.0	0.0	0.0	0.0	0.0	0.000138761	0.006397184	0.0	0.0	3.74e-06	8.46e-05	0.0	1.29e-05	0.0007405210000000001	0.0	2.75e-05	0.0	0.0	0.0	0.0	0.0	0.007121904	0.0034760520000000003	2.95e-06	0.0	0.0	0.0	0.0	8.340000000000001e-05	0.0	0.007994048	0.0	0.0	0.0	0.004216806	0.0	0.0	0.0	0.0
Atopobium	0.0	0.0007727410000000001	0.0	0.000122697	0.0	0.003598481	1.42e-05	0.000372919	0.000474765	7.41e-05	6.6e-06	0.0	1.2e-05	8.39e-06	0.00027317	0.0	2.2e-05	0.003725599	0.01113742	0.0	0.000687342	2.87e-06	0.000917811	0.000265045	0.0004545280000000001	0.000284885	0.004638117	4.19e-06	0.0	0.001729043	0.0	0.0	1.55e-05	1.83e-05	0.0	0.000112059	8.46e-05	0.001309856	0.0	0.0	0.0	0.0	0.00018695400000000005	0.0	0.001948529	0.0	0.0	0.00031374	0.000393655	0.000444974	0.0	0.000284641	0.0	0.001630985	4.91e-06	7.81e-06	0.000370197	0.0	0.0	0.0	0.00019427	6.21e-05	9.49e-05	0.00011102	0.0
Collinsella	0.0	0.0	0.0	0.0	0.0	8.21e-06	0.0	0.0	0.00017612200000000002	0.0	0.0	0.0	0.0	0.0	0.0	0.0	0.0	0.0	0.0	0.0	0.0	0.0	0.0	4.120000000000001e-05	0.0	0.0	0.0	0.0	0.0	0.0	0.0	0.0	0.0	0.0	0.0	0.0	0.0	0.001036155	0.0	0.005257701	0.0	0.0	0.0	0.0	2.0600000000000006e-05	0.0	0.0	0.0	0.0	0.0	0.0	0.0	0.0	0.000212465	0.004214048	0.0	0.0	0.0	0.0	0.0	0.0	4.04e-05	0.0	0.0	4.22e-05
Slackia	0.0	0.0	0.0	0.0	1.0800000000000003e-05	0.0017075679999999998	0.0	9.32e-05	0.002289591	7.41e-06	0.0	0.0	0.0	0.0	0.000173835	0.0	0.0	0.0	0.0	0.0	0.000324083	1.43e-06	1.5e-05	0.000192994	0.0	0.0	0.0	0.0	0.0	0.00014146700000000002	0.0	0.0	0.0	3.66e-06	2.5e-05	1.87e-05	0.0	7.82e-05	8.4e-05	0.0008145730000000001	0.0	0.0	0.0	0.0	0.000288163	0.0	0.0	0.0	7.43e-06	6.78e-05	0.0	0.0	0.0	3.75e-05	0.0	0.0	1.47e-05	0.0	0.0	0.0	0.0	0.0	4.75e-05	0.0	0.0
Unknown genus (order Bacteroidales)	0.0	0.0007359430000000001	0.0	0.0	0.0	0.000519933	0.0	0.000100999	0.0	0.0	0.0	0.0	0.0	0.0	0.0	0.0	2.2e-05	0.0	0.0	0.0	0.000548449	0.0	0.000135415	0.0	0.0	0.0	0.0	0.0	0.0	0.0	0.0	0.0	0.0	0.0	0.0	0.0	0.000169276	3.26e-05	0.0	0.0	0.0	0.0	1.47e-05	0.0	0.0	0.0	0.0	0.000125496	0.006023671	2.95e-06	0.0	0.0	0.0	0.0	0.0	0.0	0.000106294	0.0	0.0	0.0	0.001154193	0.0	0.0	0.0	0.0
Bacteroides	0.000649808	0.0	6.04e-06	0.0	0.0	2.19e-05	0.0	0.016501659	0.001171597	0.0	9.9e-06	0.0	0.0	0.0	0.0	0.000112505	2.2e-05	0.0	0.0	6.29e-05	0.0	1e-05	0.0	0.0	2.6e-05	0.0	0.000238322	1.26e-05	0.000397409	0.0	0.0	0.000138761	3.88e-06	3.66e-06	2.5e-05	7.47e-06	0.0	0.002411177	6.46e-06	0.000296209	0.0	0.0	0.0	4.620000000000001e-05	0.0	0.000458085	0.0	0.0	7.43e-06	0.0	0.0	0.000512353	4.49e-06	6.25e-06	0.018681135	7.81e-06	0.0	0.0	1.04e-05	0.0	0.0	0.000152157	2.37e-05	2.85e-06	0.0
Parabacteroides	0.000487356	0.0	0.0	0.0	0.0	0.0	0.0	0.000354791	1.53e-05	0.0	0.0	0.0	0.0	0.0	0.0	0.0	0.0	0.0	0.0	7.86e-06	0.0	0.0	0.0	0.0	0.0	0.0	3.67e-05	0.0	1.5e-05	0.0	0.0	0.0	0.0	0.0	0.0	0.0	0.0	0.00031606	0.0	0.0008145730000000001	0.0	0.0	0.0	0.00024012	0.0	0.0	0.0	0.0	0.0	0.0	0.0	0.00014232	0.0	0.0	0.0008830369999999998	0.0	0.0	0.0	0.0	0.0	0.0	3.11e-06	0.0	0.0	0.0
Porphyromonas	0.000379055	3.68e-05	3.92e-05	0.0008077539999999999	0.000428849	0.170713019	1.42e-05	0.003635959	0.018393304	0.000541246	5.6100000000000015e-05	0.001143469	0.0	8.39e-06	0.000447005	0.184198684	2.2e-05	0.037440729	0.007541875	0.0	0.095871677	0.002068921	0.043821704	0.000385988	0.001844084	2.7600000000000007e-05	0.000109995	4.61e-05	0.0007798210000000001	0.002241469	0.000345562	1.73e-05	0.001884261	0.001564441	0.001744385	0.02291234	0.002285231	0.004359669	2.59e-05	0.001999408	0.0	2.75e-05	0.001777898	6.459999999999997e-05	0.00573581	0.001420064	6.36e-05	0.00378057	0.065049708	0.0274587	0.000260822	0.000939315	8.98e-06	0.001930936	2.94e-05	9.37e-05	0.00468427	0.0	0.000170845	0.000714219	0.000129513	1.24e-05	0.000189807	6.55e-05	0.0
Prevotella	0.215627877	0.023219017	0.00048281	0.000705507	0.003874055	0.129704022	0.003554939000000001	0.008559005	0.124296468	0.010491273	0.0002772	0.397853884	0.001299326	0.000394504	0.012491308	0.144175058	0.000241838	0.233573496	0.026396562	0.000141566	0.100618964	0.0005591680000000001	0.087131841	0.015876978	0.09164578	0.005660932	0.08735425699999999	0.000276384	0.012229687	0.072905893	0.019841041	0.000433629	0.086009165	0.067248966	0.31348852	0.092691509	0.018112569	0.05674087	0.061140338	0.003998815	0.000341675	0.709698684	0.015850789	0.0014222520000000002	0.141000748	0.0005038940000000001	7.64e-05	0.053477026	0.300236565	0.174930602	0.009090421	0.010104748	0.000417552	0.007811231	0.000554351	0.000640165	0.145065756	0.000846327	0.00213298	0.02708962	0.102715592	0.00034157800000000004	0.000355889	0.002493673	0.001132893
Unknown genus (family Rikenellaceae)	0.0	0.0	0.0	0.0	0.0	0.0	0.0	0.0	6.890000000000001e-05	0.0	0.0	0.0	0.0	0.0	0.0	0.0	0.0	0.0	0.0	1.57e-05	0.0	0.0	0.0	0.0	0.0	0.0	0.0	0.0	2.25e-05	0.0	0.0	0.0	0.0	0.0	0.0	0.0	0.0	0.000244376	0.0	0.0	0.0	0.0	7.33e-06	0.0	0.0	0.0	0.0	0.0	0.0	0.0	0.0	0.0	0.0	0.0	0.00109889	0.0	0.0	0.0	0.0	0.0	0.0	0.0	2.37e-05	0.0	0.0
Unknown genus (family S24-7)	0.0	0.0	6.04e-06	0.0	0.0	0.053553055	0.0	0.0	0.006539501	0.0	1.98e-05	0.0	0.0	0.0	0.0	5.6299999999999986e-05	0.0	0.0	0.000263089	0.0	0.0	0.0	2.26e-05	0.0	0.0	9.19e-06	0.0	8.38e-06	0.0	0.002870212	0.0	0.0	3.88e-06	0.000142888	0.0	0.0	0.0	0.0	0.0	0.00103673	0.0	5.4899999999999986e-05	0.0	0.0	0.002126915	0.0	0.0	0.000533358	0.016035888999999998	4.42e-05	0.0	0.0	0.0	0.0	0.0	0.0	0.007103376	0.0	0.0	0.0	0.0	0.0	0.0	0.0	0.0
Prevotella [putative]	0.0	0.0	3.02e-06	0.0	0.0	0.0	0.0	7.77e-06	3.06e-05	7.41e-06	0.0	0.0	0.000360924	0.0	0.0	0.000365641	0.0	0.0	8.77e-05	0.0	0.06446052599999999	2.87e-06	0.022305812	0.0	0.0	0.0	0.0	0.0	0.0	0.0	0.0	0.0	0.0	1.1e-05	0.0	1.87e-05	0.000338553	0.000439877	2.59e-05	0.0	0.0	0.0	0.0	0.0	6.86e-06	0.0	0.0	9.41e-05	7.43e-06	8.84e-06	0.0	0.000284641	0.0	0.000231212	0.0	0.0	3.67e-06	0.0	3.620000000000001e-05	0.0	7.62e-06	0.0	0.0	0.0	2.22e-06
Capnocytophaga	0.0	0.0	0.0	0.0	0.0	0.0	0.0	2.59e-06	0.0	0.0	0.0	0.0	0.0	0.0	0.0	2.81e-05	0.0	0.0	0.0	0.0	0.00801661	0.0	0.002685725	0.0	0.000168825	5.51e-05	0.0	0.0	0.0	0.0	0.0	0.0	0.0	0.0	0.0	0.0	0.0	0.0	6.46e-06	0.0	0.0	0.0	0.0	0.0	0.0	0.0	0.0	0.0	0.0	0.0	0.0	0.0	0.0	0.0	0.0	0.0	0.0	0.0	0.0	0.0	0.0	0.0	0.0	0.0	0.0
Other genus (order Bacillales)	5.42e-05	0.0	3.02e-06	0.0	0.0	0.0	0.0	2.59e-06	0.0	0.0	0.0	0.0	0.0	0.0	0.0	0.0	0.0	0.0	0.0	0.0	2.85e-05	0.0	0.0	0.0	0.0	0.0	0.0	0.0	0.0	0.0	0.0	0.0	0.0	0.0	0.0	0.0	0.0	6.52e-06	0.0	7.41e-05	0.0	0.0	3.67e-06	0.0	0.0	0.0	0.0	0.0	0.0	0.0	0.0	0.0	0.0	0.0	0.0	0.0	3.67e-06	0.0	0.0	4.23e-06	3.81e-06	3.11e-06	0.0	0.0	0.0
Other genus (family Planococcaceae)	0.0	0.0	9.05e-06	0.0	0.0	2.74e-06	0.0	0.0	0.0	0.0	0.0	0.0	0.0	0.0	0.0	2.81e-05	0.0	0.0	0.0	0.0	0.0	0.0	7.52e-06	0.0	0.0	9.19e-06	1.83e-05	0.0	0.0	0.0	0.0	1.73e-05	0.0	0.0	0.0	0.0	0.0	3.26e-06	0.0	0.0	0.0	2.75e-05	0.0	0.0	0.0	0.0	0.0	0.0	0.0	0.0	0.0	0.0	0.0	0.0	0.0	0.0	0.0	0.0	0.0	0.0	0.0	0.0	0.0	0.0	0.0
Unknown genus (family Planococcaceae)	0.000162452	0.0	1.8100000000000006e-05	0.0	0.0	0.0	4.25e-05	0.0	0.0	0.0	0.0	0.0	1.2e-05	8.39e-06	0.0	0.0	0.0	0.0	0.0	0.0	1.07e-05	0.0	0.0	0.0	0.0	0.0	0.0	4.19e-06	2.25e-05	0.0	0.0	1.73e-05	0.0	0.0	3.34e-05	0.0	0.0	3.26e-06	6.46e-06	0.000148104	0.0	0.000109869	3.67e-06	1.85e-05	6.86e-06	4.58e-05	0.0	0.0	0.0	2.95e-06	0.0	0.0	0.0	0.0	4.91e-06	0.0	0.0	0.0	5.18e-06	4.23e-06	0.0	0.0	0.0	0.0	0.0
Lysinibacillus	0.000216603	0.0	0.0	0.0	0.0	0.0	0.0	2.33e-05	1.53e-05	1.4800000000000002e-05	0.0	0.0	0.0	1.6800000000000002e-05	0.0	0.0	0.00028580900000000004	0.0	0.0	0.0	0.0	0.0	0.0	0.0	0.000155838	3.68e-05	0.0	0.0	0.0	5.6600000000000014e-05	0.0	1.73e-05	0.0	3.66e-05	0.0	0.0	0.0	0.0	0.0	0.000222156	0.0	8.240000000000001e-05	0.0	0.0	4.120000000000001e-05	0.0	0.000114552	0.0	0.0	0.0	0.0	0.0	4.49e-06	0.0	0.0	0.0	0.0	0.0	0.0	0.0	0.0	0.0	0.0	0.0	2.22e-06
Jeotgalicoccus	0.0	0.0	3.02e-06	0.0	0.0	0.0	0.0	0.0	9.19e-05	0.000259501	0.0	0.0	0.0	0.0	0.0	0.0	0.0	0.0	0.0	0.0	0.0	0.0	0.0	0.0	0.0	0.0	0.0	0.0	0.0	0.0	0.0	0.0	0.0	8.43e-05	0.000108502	0.0	0.0	0.000641895	0.0	0.0	0.0	0.0	4.77e-05	0.0	0.000397939	0.0	0.0	0.0	0.0	2.95e-06	0.0	0.0	0.0	0.0	0.0	0.0	0.0	0.0	0.0	0.0	0.0	0.0	0.0	0.000791371	0.0
Staphylococcus	0.015432934	0.0	0.001267377	0.000276068	3.6000000000000007e-06	1.64e-05	0.007194856	0.000593045	0.0	3.71e-05	6.929999999999999e-05	0.000326705	0.002382098	0.000377716	0.000844343	0.000646903	0.000461691	0.000985282	0.0	7.86e-06	2.14e-05	2.87e-06	0.00015798399999999998	0.000293351	0.000129865	0.000845464	0.000494977	0.000376888	0.004296512	0.000477845	0.000143984	0.004058765	0.000418725	0.00017952599999999995	0.001343761	4.86e-05	0.001438849	2.61e-05	0.000329615	0.046208531	0.002603235	0.018210784	0.00016496	0.003583336	0.000713546	0.001969766	0.000547304	9.41e-05	1.86e-05	0.000229854	0.000230137	0.00153706	0.000170612	1.87e-05	0.000103021	0.000163945	1.47e-05	4.88e-05	0.000119074	0.002404679	1.52e-05	0.000118	0.000189807	2.85e-06	0.0
Unknown genus (family Gemellaceae)	0.0	0.0	2.11e-05	0.0	0.0	0.0	0.0	3.11e-05	0.0	0.0	0.0	1.6899999999999994e-05	0.0	0.0	0.0	0.001181302	0.00246235	0.0	8.77e-05	0.0	0.019217072	0.0	0.056640963	0.0	0.000311676	1.84e-05	0.0	4.19e-06	1.5e-05	0.0	0.0	0.001162125	2.33e-05	0.00028944	0.0	7.47e-06	0.000423191	9.78e-06	6.46e-06	0.0	4.07e-05	0.0	0.0	2.77e-05	1.3699999999999998e-05	0.0	0.0	7.840000000000001e-05	7.43e-06	1.77e-05	0.0	0.00014232	0.0	0.00043118	0.0	0.0	1.1e-05	0.0	1.04e-05	0.0	3.81e-06	0.0	2.37e-05	0.0	0.0
Gemella	0.0	0.009935237	0.0	0.0	0.0	1.09e-05	2.8300000000000007e-05	0.0	0.0	0.0	0.0	5.63e-06	0.0	0.0	0.0	0.0	0.0	0.0	0.0	0.0	0.004665375	1.43e-06	0.000398721	0.0	0.0	0.0	0.0	2.09e-05	0.0	0.0	0.0	0.0006591160000000001	0.046552112	1.47e-05	0.0	0.0	0.0	0.0	0.0	0.0	0.0	0.0	3.67e-06	0.0	0.000596908	0.0	0.0	0.003341334	0.000820735	8.84e-06	0.0	0.0	0.0	6.25e-06	9.81e-06	0.0	0.0	0.00253898	5.18e-06	0.0	0.001912228	6.21e-06	0.0	0.0	0.0
Other genus (order Lactobacillales)	0.0	0.0	0.0	0.0	3.6000000000000007e-06	0.0	0.0	0.0	3.06e-05	7.41e-06	0.0	5.63e-06	0.0	0.0	0.0	2.81e-05	0.0	0.0	0.0	0.0	0.002311319	0.0	0.001278917	0.0	0.0	3.68e-05	0.0	0.0	1.5e-05	0.0	0.0	0.0	7.75e-06	7.33e-06	0.0	1.12e-05	0.0	1.96e-05	0.0	0.0	0.0	0.0	7.33e-06	0.0	0.0	0.0	1.27e-05	0.0	3.71e-06	8.84e-06	0.0	0.0	4.49e-06	0.0	0.0	0.0	0.0	1.63e-05	0.0	0.0	3.81e-06	0.0	0.0	7.69e-05	0.0
Unknown genus (order Lactobacillales)	0.0	0.0	0.0	0.0	0.0	0.0	0.0	0.0	0.0	0.0	0.0	0.0	0.0	0.0	0.0	0.0	2.2e-05	0.0	8.77e-05	0.0	0.0	0.0	0.0	0.0	0.0	0.0	0.0	0.0	0.0	0.0	0.0	0.0	3.88e-06	0.0	0.0	3.74e-06	0.0	6.52e-05	0.0	0.0	0.0	0.0	0.0	0.0	0.0	0.0	0.0	3.14e-05	0.0	0.0	0.0	0.0	0.0	0.0	0.0	0.0	0.0	0.0	0.0	8.45e-06	3.81e-06	0.0	0.0	2.85e-06	0.0
Other genus (family Aerococcaceae)	0.0	0.0	0.0	0.0	0.0	0.0	0.0	0.0	0.001026104	0.0	0.0	1.13e-05	0.0	0.0	0.0	0.0	0.0	0.0	0.0	0.0	0.000142454	0.0	1.5e-05	0.0	0.0	0.0	0.0	0.0	7.4999999999999985e-06	0.0	0.0	0.0	0.0	7.33e-06	0.0	2.61e-05	0.0	9.78e-06	0.0	0.0	0.0	0.0	3.67e-06	0.0	0.0	9.16e-05	0.0	0.0	0.0	5.01e-05	0.0	0.0	0.0	0.0	0.0	0.0	0.0	0.0	0.0	0.0	0.0	0.0	0.0	0.0	0.0
Aerococcus	0.003465641	0.0065131	3.02e-06	0.0	1.0800000000000003e-05	1.09e-05	0.000495709	1.04e-05	0.0	0.000593146	0.0	0.01778291	0.006821463000000001	7.55e-05	0.0	0.0	0.000241838	0.005573003000000001	0.0	8.65e-05	0.0	0.000351272	8.28e-05	1.29e-05	6.49e-05	0.0	3.67e-05	4.19e-06	1.5e-05	1.26e-05	2.88e-05	0.0	0.02507696	0.002604959	0.001602497	0.004624303	8.46e-05	0.016021297	0.0	7.41e-05	1.63e-05	0.0	0.000986092	9.24e-06	0.003560868	0.004214384	0.000483664	0.02567964	0.000111412	1.18e-05	3.07e-05	0.0	0.0	0.0	0.003095535	0.0	0.001605407	0.003027245	1.04e-05	1.27e-05	0.005283387	6.21e-06	0.000735503	8.54e-06	4.44e-06
Facklamia	0.037905453	0.000294377	6.04e-06	0.003629783	6.13e-05	3.28e-05	0.0007364810000000001	1.55e-05	0.026004855	0.004396695999999999	3.3e-06	0.002303836	0.0	0.0007470389999999999	0.005885567	0.000253136	0.000263823	0.00406429	0.012891344	0.0	1.07e-05	1.7199999999999998e-05	7.52e-06	0.000404001	0.001311637	0.000110278	0.0016132579999999998	1.26e-05	0.004064065	0.000144611	0.000979093	0.0	2.33e-05	0.003564873	0.004114745	0.007500486	0.0	0.000948179	0.000491191	0.005479858000000001	0.0	0.000164803	0.004266956	0.000942011	0.000288163	0.035043518	0.001094607	3.14e-05	1.86e-05	0.007084215	0.000115069	0.010446317	4.49e-06	0.000168723	3.92e-05	0.0	3.3e-05	0.0	2.59e-05	0.000633922	1.52e-05	4.04e-05	0.00011863	0.000979251	0.0
Other genus (family Carnobacteriaceae)	0.0	0.0	0.0	0.0	0.0	0.0	0.0	0.0	7.66e-06	0.0	0.0	0.0	0.0	0.0	0.0	0.0	0.0	0.0	0.0	0.0	0.0	0.0	7.52e-06	0.0	0.0	0.0	0.0	0.0	0.0	0.0	0.0	0.0	0.0	0.0	0.0	3.74e-06	0.0	4.89e-05	0.0	0.0	0.0	0.0	0.0	0.0	0.0	0.0	0.0	0.0	0.0	0.0	0.0	0.0	0.0	0.0	0.0	0.0	7.33e-06	0.0	0.0	4.23e-06	3.81e-06	0.0	0.0	0.0	0.0
Granulicatella	0.0	0.0	9.05e-06	0.0	3.6000000000000007e-06	0.0	0.0	1.04e-05	7.66e-06	3.71e-05	4.29e-05	5.63e-06	0.0	0.0	0.002781365	0.0	0.001143234	0.0	0.000350785	0.0	0.012664178	0.0	0.039202558	0.0	0.000207784	0.0	0.0	4.19e-06	2.25e-05	0.0	0.0	0.0	3.88e-06	1.1e-05	0.0	3.74e-06	0.002285231	6.52e-06	0.0	0.0	0.0	0.0	0.0	0.0	0.0	0.000229043	1.27e-05	6.27e-05	1.86e-05	0.0	0.0	0.0006546740000000001	0.0	0.00036869	0.0	0.0	0.0	0.0	1.55e-05	0.0	0.0	0.0	0.0	2.85e-06	0.0
Other genus (family Enterococcaceae)	0.0	0.0	0.0	3.07e-05	0.0	0.0	0.000722318	0.000308176	0.0	7.41e-06	0.0	5.63e-06	0.0	0.0	0.0	5.6299999999999986e-05	0.01017918	0.000246321	0.0016662279999999998	7.86e-06	2.14e-05	2.44e-05	0.0	3.6e-05	0.0	4.59e-05	0.000439979	0.0	0.00047989	2.2e-05	2.88e-05	0.0	0.0	0.0	0.0	0.0	0.0	0.0	0.00034900400000000004	0.014440166	0.000634538	0.001455764	0.0	0.0	6.86e-06	0.004351809	0.000496392	0.0	0.0	0.0	0.0	0.000113856	0.0	0.0	9.81e-06	0.0	0.0	0.0	0.0	0.0014242120000000002	0.0	2.79e-05	0.000166081	0.0	0.0
Enterococcus	0.000595657	0.0	0.0	0.0	0.0	0.0	2.8300000000000007e-05	0.001380318	0.0	0.0	0.0	0.0	0.0	0.0	0.0	0.0	6.6e-05	0.0	0.0	0.0	1.7800000000000002e-05	0.0	0.0	0.0	0.0	0.0	0.0	0.0	1.5e-05	0.0	0.0	0.0	0.0	0.0	0.0	0.0	0.0	0.00017595099999999998	6.46e-06	0.0006664689999999999	1.63e-05	0.0	0.0	0.0	0.0	0.0	0.0	0.0	0.0	0.0	0.0	0.0	0.0	0.0	0.0	0.0	0.0	0.0	0.0	4.23e-06	0.0	0.0	0.0	0.0	0.0
Lactobacillus	0.031299074	0.08018104200000001	0.056781525	0.808981411	0.981022534	0.000927669	0.85226468	0.339620296	0.002465714	0.5659281999999999	0.996594397	0.110139131	0.228200192	0.977689551	0.785536903	0.001771953	0.106452677	0.004772461	0.451460142	0.996799031	0.009341434	0.000715448	0.209426368	0.914902487	0.637286859	0.960805396	0.001191611	0.991457215	0.828746888	0.004888477	0.930858723	0.00114478	0.157362965	0.226224715	0.117666697	0.321504878	0.017774016	0.110888095	0.01450952	0.015995261	0.99284924	0.057104403	0.890987338	0.88914748	0.34397705700000003	0.006688044000000001	0.973207581	0.029726889	0.000493926	0.001340814	0.951256933	0.8205909140000001	0.995577546	0.065364378	0.415988854	0.994410268	0.201134048	0.794700693	0.982780847	0.8331135740000001	0.297191463	0.874392535	0.97686723	0.969418342	0.975207419
Unknown genus (family Streptococcaceae)	0.0	0.0	0.0	0.0	3.6000000000000007e-06	0.0	0.0	2.33e-05	0.0	0.0	0.0	0.0	0.0	0.0	0.0	0.0	0.0	0.0	0.0	0.0	9.26e-05	0.0	0.0	2.57e-06	0.0	9.19e-06	0.0	0.0	7.4999999999999985e-06	0.0	0.0	0.0	0.0	0.0	4.17e-05	0.0	0.0	0.0	0.0	0.0	0.0	0.0	0.0	0.0	0.0	0.0	0.0	0.0	0.0	2.95e-06	0.0	0.0	0.0	0.0	4.91e-06	0.0	0.0	0.0	0.0	0.0	0.0	0.0	2.37e-05	0.0	0.0
Streptococcus	0.05875345200000001	0.002391816	0.000479793	0.015643852	3.6000000000000007e-06	0.001163007	0.00287511	0.0007354789999999999	0.001454924	0.003625606	0.0001254	0.01353574	0.001588065	0.00177107	0.005215059	0.004893964000000001	0.842255689	0.001385553	0.005261773000000001	2.36e-05	0.14535314400000002	0.000227968	0.271265751	8.23e-05	0.097385816	0.00155308	0.5772713939999999	0.0004020130000000001	0.001064755	0.032993288	0.000143984	0.140339618	0.000860712	0.466082413	0.013003597	8.22e-05	0.01159543	0.006562313	0.228455463	0.028361967	0.000203378	0.07888592900000001	8.43e-05	0.08241672	0.045804145	0.17196518600000002	0.0022401260000000003	0.000282366	0.000100271	0.008560584	0.002309044	0.010417853	4.49e-06	0.000899854	0.000510199	9.37e-05	5.13e-05	0.000162755	0.000377931	0.005819408000000001	0.000125704	0.000145947	0.001874348	0.000498165	0.000888543
Other genus (order Clostridiales)	0.0	0.0	0.0	0.0	0.0	8.209999999999999e-05	0.0	2.07e-05	5.36e-05	0.0	0.0	0.0	0.0	0.0	0.0	0.0	0.0	0.0	8.77e-05	0.0	0.000206559	0.0	0.0	0.0	0.0	0.0	1.83e-05	0.0	7.4999999999999985e-06	0.0	0.0	0.0	0.0	0.0	0.0	7.47e-06	0.0	0.000547402	0.000116335	0.0	0.0	0.0	0.0	0.0	6.86e-06	0.0	0.0	0.0	1.49e-05	5.89e-06	0.0	0.0	0.0	0.0	0.001339273	0.0	1.47e-05	0.0	0.0	0.0	1.52e-05	0.0	0.0	0.0	0.0
Unknown genus (order Clostridiales)	0.001083013	0.0	3.02e-06	2.04e-05	0.000317132	0.005139123	0.0	0.001323344	0.001585102	0.00017053	1.65e-05	0.002472821	0.0	5.88e-05	0.000819509	0.0	2.2e-05	0.00437219	0.0	0.0	0.000388188	1.43e-06	0.003264999	9.01e-05	0.005298495	0.000431922	0.004033145	7.120000000000001e-05	4.5e-05	0.001556139	0.0	0.000225487	9.3e-05	1.1e-05	0.0	0.00080309	8.46e-05	0.005151448	0.002417176	0.03887737	0.0	0.0	0.002074826	0.000554124	0.002771851	0.0	1.27e-05	9.41e-05	0.002506768	0.0017386379999999998	0.000329863	0.00014232	0.0	0.001574744	0.002747226	0.0	0.001741024	0.0	5.18e-06	0.0007015410000000001	3.05e-05	4.9700000000000015e-05	0.0	0.000150873	3.33e-05
Unknown genus (family Clostridiaceae)	0.0	0.0	0.0	0.0	0.0	7.390000000000001e-05	0.0	0.000186459	7.66e-06	0.0	0.0	0.0	0.0	0.0	0.0	0.0	0.0	0.0	0.0	0.0	7.12e-06	0.0	0.0	0.0	0.0	0.0	0.0	0.0	0.0	0.0	0.0	1.73e-05	0.0	0.0	0.0	0.0	0.0	0.000309543	0.0	0.0	0.0	2.75e-05	0.0	0.0	0.0	0.0	0.000101824	0.0	0.0	0.0	7.67e-06	0.0	0.0	1.87e-05	0.0008781310000000001	0.0	0.0	0.0	0.0	0.0	0.0	0.0	0.0	0.0	8.89e-06
Clostridium	0.000433205	0.041433618	1.21e-05	0.000685058	7.21e-06	0.016284835	0.00186953	0.000339253	0.001753566	0.001223364	0.0004257	0.000140821	0.0	2.52e-05	9.93e-05	0.000337515	0.000241838	0.003540858	8.77e-05	0.0	2.49e-05	7.17e-06	0.00128644	0.000360256	0.000129865	0.003436995	0.0	8.38e-06	0.000539876	1.57e-05	2.88e-05	1.73e-05	0.002582136	0.002729528	0.001126756	0.092388949	8.46e-05	0.000576728	2.59e-05	0.0005924169999999999	0.0	2.75e-05	0.000821132	0.0	0.0005214369999999999	0.0006871280000000001	2.55e-05	1.57e-05	0.052226196	0.011536897	0.002316715	0.002504839	2.24e-05	0.000162474	2.94e-05	0.0	0.00023458	0.0	7.77e-05	0.0	0.02238678	0.0	0.000189807	0.000202113	0.0
Pseudoramibacter/Eubacterium	0.0	0.0	0.0	0.0	0.0	0.005828718	0.0	4.66e-05	0.0	0.0	0.0	0.0	0.0	0.0	0.0	0.0	0.0	0.0	0.0	0.0	3.56e-06	0.0	0.0	0.0	0.0	0.0	0.0	0.0	0.0	0.0	0.0	0.0	0.0	0.0	0.0	1.12e-05	0.0	6.52e-06	0.0	0.0	0.0	0.0	0.0	0.0	4.8e-05	0.0	0.0	0.0	0.0	0.0	0.0	0.00017078400000000002	0.0	0.0	0.0	0.0	0.0	0.0	0.0	0.0	0.0	0.0	0.0	2.85e-06	0.0
Other genus (family Lachnospiraceae)	0.000108301	0.0	0.0	0.0	0.0	1.3699999999999998e-05	0.0	0.000414354	6.13e-05	0.0	0.0	0.0	0.0	0.0	0.0	0.0	0.0	0.0	0.0	0.0	3.56e-06	0.0	0.0	0.0	0.0	0.0	0.0	8.38e-06	4.5e-05	0.0	0.0	0.00017345200000000002	3.4899999999999995e-05	0.0	0.0	0.0	0.0	0.000198759	0.000116335	0.003776659	0.0	0.0	3.67e-05	7.390000000000001e-05	0.0	0.0	0.0	0.0	1.86e-05	0.0	0.0	0.00017078400000000002	0.0	0.0	0.000642655	7.81e-06	0.0	0.0	0.0	0.0	1.14e-05	9.32e-05	2.37e-05	0.0	0.0
Unknown genus (family Lachnospiraceae)	0.000162452	0.0	0.0	0.0	0.0	2.46e-05	0.0	0.003485755	0.00070449	0.0	0.0	0.0	0.0	8.39e-06	0.0	2.81e-05	0.0	0.0	8.77e-05	0.0	0.001082652	0.0	0.001038179	7.72e-06	0.0	0.0	0.000403315	2.09e-05	0.000254941	1.89e-05	5.76e-05	0.00032955800000000003	0.0	7.33e-06	8.35e-06	0.0	0.0	0.00157704	0.000271448	0.024215047000000003	0.0	2.75e-05	0.000183288	0.000544889	0.001763281	0.000458085	0.0	0.0	8.540000000000003e-05	4.42e-05	0.0	0.000483889	0.0	2.5e-05	0.004748776	0.0	0.000311552	0.0	5.18e-06	0.0	2.67e-05	0.000493735	0.0	0.0	6.66e-06
Blautia	0.00086641	0.0	6.04e-06	0.0	0.0	0.0	0.0	0.002657047	0.001140967	0.0	0.0	0.0	0.0	0.0	0.0	0.000196884	0.0	0.0	0.0	0.0	0.0	0.0	0.0	7.72e-06	1.3e-05	0.0	0.000843294	1.26e-05	0.000232447	3.14e-06	0.0	0.000225487	1.94e-05	0.0	0.0	3.74e-06	0.0	0.000654928	0.000142187	0.032064573	0.0	0.0	0.000135633	0.000138531	0.0	0.000137426	0.0	7.840000000000001e-05	0.0	5.89e-06	0.0	0.000284641	0.0	3.12e-05	0.001962304	0.0	0.0	0.0	1.04e-05	0.0	0.0	0.000142842	2.37e-05	0.0	0.0
Coprococcus	0.001028862	0.0	0.0	0.0	0.0	2.74e-06	0.0	0.000100999	0.00015315	0.0	0.0	5.63e-06	0.0	0.0	0.0	0.0	0.0	0.0	0.0	0.0	0.0	1.43e-06	0.0	1.8e-05	0.0	0.0	0.00034831699999999995	2.09e-05	0.000164962	0.0	2.88e-05	6.94e-05	0.0	0.0	0.0	0.0	0.0	0.000961213	6.459999999999997e-05	0.02014218	0.0	0.0	4.4e-05	7.390000000000001e-05	0.0	0.0	0.0	0.0	0.0	0.0	0.0	0.000113856	0.0	0.0	0.0023842	0.0	0.0	0.0	0.0	0.0	0.0	8.379999999999999e-05	0.0	0.0	0.0
Dorea	0.000920561	0.0	0.0	0.0	0.0	8.21e-06	0.0	0.000473918	0.000137835	0.0	0.0	0.0	0.0	0.0	0.0	0.0	0.0	0.0	0.0	0.0	0.0	0.0	0.0	0.0	0.0	0.0	0.0	0.0	7.5e-05	0.0	0.0	1.73e-05	0.0	0.0	0.0	0.0	0.0	0.000319318	3.2299999999999986e-05	0.004146919000000001	0.0	0.0	0.0	0.0	6.86e-06	0.0	0.0	0.0	0.0	1.47e-05	0.0	0.0	0.0	0.00014997600000000002	0.00122644	0.0	0.0	0.0	0.0	0.0	0.0	9.32e-06	0.0	0.0	0.0
Lachnospira	0.0	0.0	0.0	0.0	3.6000000000000007e-06	0.0	0.0	0.0	0.000260355	0.0	0.0	0.0	0.0	0.0	0.0	0.0	0.0	0.0	0.0	0.0	0.0	0.0	0.0	0.0	0.0	0.0	0.0	0.0	2.25e-05	0.0	0.0	6.94e-05	3.88e-06	0.0	0.0	0.0	0.0	0.000205276	0.0	0.0031842420000000003	0.0	0.0	0.0	1.85e-05	0.0	0.0	0.0	0.0	0.0	0.0	0.0	0.0	0.0	0.0	0.0007162410000000001	7.81e-06	0.0	0.0	0.0	0.0	0.0	9.32e-06	0.0	0.0	0.0
Moryella	0.0	3.68e-05	6.04e-06	0.0	0.0	0.044363931	0.0	5.18e-06	0.014089792	0.000140872	9.9e-06	0.0	0.0	0.0	0.0	5.6299999999999986e-05	0.0	0.002186095	0.00140314	0.0	0.000779937	0.0	0.000962949	1.03e-05	0.0	1.84e-05	0.0	4.19e-06	0.0	0.0	0.0	0.0	2.33e-05	3.66e-06	0.0	7.47e-06	0.000169276	2.93e-05	6.46e-06	0.0	0.0	0.0	3.67e-06	0.0	0.000370495	0.0	0.0	0.000345114	0.02140223	0.001974386	0.00012274	0.000256177	0.0	6.25e-06	1.47e-05	0.0	0.000733063	0.0	1.04e-05	0.0	3.81e-06	0.0	4.75e-05	8.54e-06	2.22e-06
Oribacterium	0.0	0.0	0.0	0.0	0.0	0.0	0.0	2.59e-06	0.0	0.0	0.0	0.0	0.0	0.0	0.0	0.0	4.4e-05	0.0	0.0	0.0	0.000548449	0.0	0.002166635	0.0	3.9e-05	0.0	0.0	0.0	0.0	0.0	0.0	0.0	0.0	0.0	0.0	7.47e-06	0.0	0.0	0.0	0.0	0.0	0.0	0.0	0.0	0.0	0.0	0.0	1.57e-05	0.0	0.0	0.0	0.0	0.0	0.0	0.0	0.0	0.0	0.0	0.0	0.0	0.0	0.0	0.0	0.0	0.0
Roseburia	0.0	0.0	0.0	0.0	0.0	0.0	0.0	0.000336663	3.06e-05	0.0	0.0	0.0	0.0	0.0	0.0	0.0	2.2e-05	0.0	0.0	0.0	0.0	0.0	0.0	0.0	0.0	0.0	0.0	2.51e-05	7.4999999999999985e-06	0.0	0.0	0.0	0.0	0.0	0.0	0.0	0.0	0.000397518	0.0	0.012736967	0.0	0.0	1.47e-05	0.0	0.0	0.0	0.0	0.0	0.0	0.0	0.0	0.0	0.0	0.0	0.000441518	0.0	0.0	0.0	0.0	0.0	0.0	1.86e-05	0.0	0.0	0.0
Shuttleworthia	0.0	0.0	6.04e-06	2.04e-05	0.0	0.0	5.67e-05	0.0	0.0	0.0	2.31e-05	5.63e-06	0.000685756	0.0	0.0	0.0	0.0	6.159999999999999e-05	8.77e-05	0.0	0.0	0.0	3.76e-05	0.0	0.0	9.19e-06	0.0	0.0	0.0	0.0	0.0	0.0	0.0	0.0	0.0	2.61e-05	8.46e-05	0.0	0.0	0.0	0.0	0.0	1.83e-05	0.0	6.86e-06	0.0	5.09e-05	0.0	0.045062409000000005	3.24e-05	0.0	0.0	0.0	6.25e-06	0.0	0.0	0.0	0.0	0.0	2.54e-05	0.07204376	0.0	0.0	2.85e-05	1.11e-05
Ruminococcus [putative]	0.000270753	0.0	3.02e-06	0.0	0.0	0.000418683	0.0	0.00032889400000000004	0.000382875	0.0	0.0	0.0	0.0	0.0	0.0	0.0	0.0	0.0	0.0	0.0	0.0	0.0	0.0	0.0	0.0	0.0	0.000201657	2.93e-05	0.000202453	0.0	0.0	0.0008846030000000002	0.0	0.0	0.0	0.0	0.0	0.000742903	0.000277911	0.000370261	0.0	0.0	0.0	0.000110825	0.0	0.0	0.001349167	0.0	7.43e-06	0.0	0.0	0.00014232	0.0	0.00014997600000000002	0.001618901	0.0	0.0	0.0	0.0	0.0	0.0	0.000335367	0.0	0.0	2.22e-06
Peptococcus	0.0	0.0	0.0	0.0	2.1600000000000007e-05	0.025569737	0.0	0.0	0.000405847	5.93e-05	0.0	0.000292908	0.0	0.0	0.0	2.81e-05	0.0	0.007481988	0.00017539200000000002	0.0	0.000128209	0.0	4.51e-05	0.000146675	3.9e-05	0.0	0.0	4.19e-06	7.5e-05	0.0006287430000000001	0.0	0.0	0.00025201	9.53e-05	0.000642668	2.24e-05	0.0	0.000540886	3.88e-05	0.0	0.0	0.0	1.47e-05	0.0	0.005406481	0.0	0.0	0.0	0.0029004240000000004	0.0007868080000000001	3.84e-05	2.85e-05	0.0	6.25e-06	0.0	0.0	0.002257833	0.0	0.0	0.000388806	0.0	3.11e-06	2.37e-05	0.0	0.0
Unknown genus (family Peptostreptococcaceae)	0.0	0.0	0.0	0.0	0.0	0.000894831	0.0	0.0	0.0	0.0	0.0	0.0	0.0	0.0	0.0	0.0	0.0	0.0	0.0	0.0	0.000220804	0.0	6.02e-05	1.8e-05	0.0	0.0	0.0	0.0	0.0	0.0	0.0	0.0	0.0	0.0	0.0	5.23e-05	0.0	0.000195501	0.0	0.0	0.0	0.0	3.67e-06	0.0	0.000439105	0.0	0.0	0.0	0.000207969	0.0	0.0	0.0	0.0	6.25e-05	5.400000000000001e-05	0.0	8.8e-05	0.0	0.0	0.0	3.81e-06	0.0	0.0	0.0	0.0
Filifactor	0.0	0.0	0.0	0.0	0.0	0.0	0.0	0.0	0.0	0.000118629	0.0	0.0	0.0	0.0	0.0	0.0	0.0	0.0	0.0	0.0	0.001502892	0.0	0.00017303	0.0	0.0	0.0	0.0	0.0	0.0	0.0	0.0	0.0	0.0	0.0	0.0	0.0	0.0	7.170000000000001e-05	0.0	0.0	0.0	0.0	3.3e-05	0.0	0.0	0.0	0.0	1.57e-05	0.00021911	0.0	0.0	0.0	0.0	0.0	0.0	0.0	0.000205258	0.0	0.0	0.0	1.9e-05	0.0	0.0	0.0	0.0
Peptostreptococcus	0.0	0.0	1.8100000000000006e-05	0.0	0.0	0.074905865	2.8300000000000007e-05	0.00217018	0.00027567	0.0	2.31e-05	0.0	0.0	1.6800000000000002e-05	0.0	2.81e-05	0.0	0.044399286	8.77e-05	0.0	0.000986495	0.0	0.003001693	0.000643314	0.009363272	1.84e-05	0.018845787	0.000251258	0.0	0.048799887	0.0	0.000138761	7.75e-06	3.66e-06	5.01e-05	0.0	0.001269573	0.000123817	0.0	7.41e-05	0.00013016200000000002	8.240000000000001e-05	1.1e-05	0.0	0.057227738	9.16e-05	0.0	0.0	0.033289883	2.36e-05	0.000283836	0.003045656	0.0	6.25e-06	5.89e-05	3.9e-05	0.000201592	3.26e-05	0.0	0.014301291	7.62e-06	4.35e-05	7.120000000000001e-05	3.99e-05	0.0
Unknown genus (family Ruminococcaceae)	0.002057725	3.68e-05	0.0	0.0	3.6000000000000007e-06	2.46e-05	0.0	0.000991861	0.001631047	0.0	0.0	0.0	0.0	0.0	0.0	2.81e-05	6.6e-05	0.0	0.0	0.0	0.0	0.0	0.0	9.01e-05	5.19e-05	0.0	3.67e-05	3.35e-05	6e-05	0.0	2.88e-05	0.000242832	3.1e-05	0.0	2.5e-05	0.0	0.0	0.007295441	0.000374856	0.046949052000000005	0.0	2.75e-05	0.000208949	0.000378651	0.0	0.000412277	0.0	0.0	3.71e-06	0.0	0.0	2.85e-05	8.98e-06	1.25e-05	0.031494981	0.0	3.67e-06	0.0	1.55e-05	0.0	0.0	1.86e-05	0.0	1.99e-05	0.0
Faecalibacterium	0.0	0.0	6.04e-06	0.0	0.0	0.0	0.0	0.0	0.000712147	0.0	0.0	0.0	0.0	0.0	0.0	0.0	0.0	0.0	0.0	0.0	0.0	0.0	0.0	7.72e-06	0.0	0.0	1.83e-05	3.77e-05	0.0	0.0	0.0	0.000104071	0.0	0.0	0.0	0.0	0.0	0.001655241	0.0	0.026880924	0.0	0.0	0.0	0.0	0.0	0.0	0.0	0.0	0.0	0.0	0.0	0.0	0.0	0.0	0.002413634	0.0	0.0	0.0	0.0	0.0	0.0	0.0	0.0	2.85e-06	0.0
Oscillospira	0.0	0.0	0.0	0.0	0.0	2.74e-06	0.0	0.000253792	0.000145492	0.0	0.0	0.0	0.0	0.0	0.0	0.0	0.0	0.0	0.0	7.86e-06	0.0	0.0	0.0	0.0	0.0	0.0	0.0	1.6800000000000002e-05	1.5e-05	2.8300000000000007e-05	0.0	3.47e-05	0.0	0.0	0.0	3.74e-06	0.0	0.000997054	0.0	0.001629147	0.0	0.0	1.47e-05	5.5399999999999985e-05	0.0	0.0	0.0	0.0	0.0	0.0	0.0	0.0	0.0	0.0	0.001143042	0.0	0.0	0.0	0.0	0.0	0.0	6.21e-06	0.0	0.0	0.0
Ruminococcus	0.0	0.0	0.0	0.0	0.0	5.47e-06	0.0	0.000186459	0.000375217	0.0	0.0	0.0	0.0	0.0	0.0	0.0	0.0	0.0	0.0	0.0	0.0	0.0	0.0	3.86e-05	0.0	9.19e-06	0.0	1.26e-05	0.0	0.0	0.0	0.000242832	3.4899999999999995e-05	0.0	0.000116849	0.0	0.0	0.00078852	2.59e-05	0.004665284	0.0	2.75e-05	5.870000000000001e-05	0.00012929600000000002	0.0	0.0	0.0	0.0	0.0	0.0	0.0	0.000256177	0.0	0.0	0.00838885	7.81e-06	0.0	0.0	0.0	0.0	0.0	4.04e-05	0.0	0.0	0.0
Dialister	0.073374127	0.011002355	4.83e-05	0.001850678	0.0005838109999999999	0.02856619	0.000948928	0.011490562	0.027995804	0.005753518000000001	1.65e-05	0.040032671	0.0007338789999999999	0.000285386	0.009064269	0.060612027	0.0	0.064936265	0.039463299	1.57e-05	0.004316362	0.000217932	9.03e-05	0.003772391	0.011259302	0.001231437	0.009807876	0.000184256	0.004176539	0.058105283	0.003023671	0.000294868	0.008731186	0.00224957	0.046822966	0.016401709	0.000253915	0.007230274	0.014677559	0.010219194	5.69e-05	0.00348834	0.003423829	0.000157002	0.03037372	0.001649107	5.09e-05	0.026244372	0.016128733	0.051416548	0.003099181	0.004212684	0.000368164	0.003849374	2.94e-05	0.000281048	0.00855484	0.000585918	0.000362399	0.019203624	0.008624072	0.000447156	0.00023725900000000005	0.002755566	2.22e-06
Megasphaera	0.0056858180000000005	0.052656756	3.02e-05	0.000276068	0.0	0.0	4.25e-05	0.000119127	0.00012252	7.41e-06	4.620000000000001e-05	9.01e-05	0.000240616	8.39e-06	2.48e-05	5.6299999999999986e-05	0.0	0.0	0.034640007	2.36e-05	0.001752187	1.43e-06	0.001767914	4.120000000000001e-05	5.19e-05	0.00031245400000000004	0.0	0.0	3e-05	0.008082490999999999	0.000230375	1.73e-05	3.88e-06	0.0	0.0	2.61e-05	8.46e-05	0.02455491	0.002365472	0.0014810429999999998	0.0	0.000137336	1.83e-05	0.0	0.000102915	0.0	5.09e-05	0.063689272	0.02865886	0.000129661	0.000475617	0.000313105	8.98e-06	6.25e-06	0.001525691	2.34e-05	0.103332503	0.0	0.0	0.0	0.052102498	1.24e-05	2.37e-05	1.14e-05	2.22e-06
Veillonella	0.0	0.0	6.04e-05	0.0	7.21e-06	0.00025723	0.002606011	0.006062521	2.3e-05	5.19e-05	4.95e-05	1.6899999999999994e-05	4.81e-05	1.6800000000000002e-05	0.000149002	0.0	0.007980653	0.0	0.00017539200000000002	0.0	0.069140146	2.01e-05	0.068113598	0.000208434	0.000402582	0.000762755	0.0	0.000205194	0.00026244	9.43e-06	0.0	0.000589735	7.75e-05	2.93e-05	0.0010266	1.12e-05	0.000507829	3.26e-06	1.94e-05	0.0	1.63e-05	0.015628863	1.83e-05	0.0	6.17e-05	0.008337151	0.000394568	1.57e-05	2.23e-05	3.83e-05	9.97e-05	0.00062621	0.0	0.00067489	4.91e-05	0.000234207	0.005355021999999999	4.88e-05	0.000113897	0.002328608	0.0	8.690000000000001e-05	0.001257474	7.120000000000001e-05	0.000124396
Unknown genus (family Mogibacteriaceae)	0.0	0.000110392	0.0	0.0	0.0	0.002394426	1.42e-05	0.00033407300000000005	0.003361641	5.19e-05	0.0	0.0	0.0	8.39e-06	0.0	0.008634753	0.0	0.0	0.000350785	0.0	0.003621898	0.0	0.000624412	2.57e-06	3.9e-05	9.19e-05	0.0	0.0	0.0	0.003407787	0.0	0.000121416	1.55e-05	0.00013556	0.000125195	0.000268942	0.0	6.52e-05	5.17e-05	0.000148104	0.0	0.0	5.870000000000001e-05	0.0	0.000144081	0.0	0.0	0.0	1.49e-05	0.0007484989999999999	0.0	2.85e-05	0.0	0.0	5.89e-05	0.0	2.93e-05	0.0	0.0	8.45e-06	0.0	0.0	0.0	2.85e-06	0.0
Mogibacterium	0.0	0.0	0.0	0.0	0.0	0.00010125	0.0	0.0	0.000107205	0.0	0.0	0.0	0.0	0.0	0.0	0.0	0.0	0.0	0.0	0.0	7.829999999999999e-05	0.0	7.52e-06	2.57e-06	0.0	0.0	0.0	0.0	0.0	9.43e-06	0.0	0.0	0.0	0.0	0.0	0.0	0.0	6.52e-06	0.0	0.0	0.0	0.0	0.0	0.0	0.0	0.0	0.0	0.0	3.71e-06	5.600000000000001e-05	0.0	0.0	8.98e-06	0.0	0.0	0.0	4.4e-05	0.0	0.0	0.0	0.0	0.0	0.0	0.0	0.0
Other genus (family Tissierllaceae)	5.42e-05	0.0	0.0	0.0	0.0	6.02e-05	0.0	0.0	0.0	0.000126044	0.0	0.0	0.0	0.0	0.0	0.0	0.0	0.0	0.0	0.0	0.0	0.0	0.0	0.0	0.0	0.0	0.0	0.0	0.0	0.0	0.0	0.0	0.0	3.66e-06	0.0	3.74e-06	0.0	4.89e-05	0.0	0.0	0.0	0.0	4.03e-05	0.0	0.0	0.0	0.0	0.0	0.0	0.002852546	0.0	0.0	0.0	0.0	0.0	0.0	0.0	0.0	0.0	0.0	0.0	0.0	0.0	0.0	0.0
Unknown genus (family Tissierellaceae)	0.0	0.000110392	3.02e-06	0.0	0.0	0.039917139	0.0	6.22e-05	0.00388235	8.9e-05	3.3e-06	0.0	0.0	0.0	0.0	2.81e-05	0.0	3.08e-05	8.77e-05	0.0	0.000149577	0.0	7.52e-06	0.0	0.0	0.0	0.0	0.0	0.0	0.0	0.0	0.0	0.0	3.66e-06	0.000175273	0.000974914	0.0	0.000101009	0.0	0.0	0.0	0.0	0.000241941	0.0	0.000308746	0.0	0.0	0.0	9.28e-05	0.000486229	0.0	0.000483889	0.0	0.0	0.0	0.0	0.00029689	0.0	1.04e-05	0.0	0.0	0.0	0.0	0.0	0.0
1-68	0.000108301	0.0008095380000000001	6.04e-06	1.02e-05	0.000335151	0.001329933	0.00063734	0.017421007	0.042828373	0.000696947	9.9e-06	0.001216696	2.4100000000000006e-05	0.0	0.003576041	0.120745908	8.79e-05	0.000554221	0.019293168	3.9299999999999986e-05	1.07e-05	5.59e-05	1.5e-05	0.000167262	5.19e-05	0.0	0.00036665	6.7e-05	0.002384452	0.035369937000000004	0.001497437	0.0	0.002066484	0.001656036	0.008947276	0.022333368	8.46e-05	0.001205589	0.000284374	0.0	0.0	0.000192271	0.005758924	0.00020317900000000005	0.002147498	4.58e-05	0.0	6.27e-05	0.000631334	0.013163556000000002	0.00018411	0.00216327	8.53e-05	0.001549748	1.47e-05	1.56e-05	0.004229770999999999	0.0	2.07e-05	0.0004141630000000001	0.0	6.21e-06	0.00180317	0.001611209	0.0
Anaerococcus	0.090485731	0.0043052690000000005	8.75e-05	0.020459704	0.001246905	0.110482935	0.007888848	0.032402504	0.137788975	0.019558996	0.0002376	0.175040838	0.000120308	0.00054559	0.015496176	0.167041683	0.002154556	0.177166082	0.021485574	3.9299999999999986e-05	6.77e-05	0.000500384	0.00024826	0.008388808000000001	0.02498604	0.003584032	0.006636357	0.0008584660000000001	0.018010858	0.060815165	0.00670967	0.091148769	0.001702039	0.041038173	0.07663609099999999	0.217532759	0.000423191	0.001375023	0.004420718	0.055687204	0.000374215	0.004202489	0.033395163	0.006492487	0.146407229	0.14512139300000002	0.000241832	0.000125496	0.002673886	0.202239013	0.0066663090000000005	0.017334624	0.00046245	0.005986526999999999	0.000206042	0.00030446900000000003	0.042785198	0.000113929	0.001449598	0.020074211	0.00034283	0.000322946	0.002087881	0.000896698	3.55e-05
Finegoldia	0.150701251	0.022630262	0.0007362860000000001	0.042494019	0.005625489	0.000268176	0.016471688	0.05454715	0.004870167	0.0228732	0.0003894	0.002878387	0.000384986	0.0027111640000000003	0.066802424	0.027029308	0.003495658	0.045476938	0.071647812	7.08e-05	4.99e-05	2.44e-05	0.000180553	0.009557066	0.009947664	0.01100941	0.096502163	0.002889471	0.031927657000000005	0.07422625299999999	0.008552669	0.224654398	0.006439832	0.015186432	0.001635883	0.00018303	0.022090563	0.000524594	0.072747954	0.306279621	0.000927402	0.05743401	0.006942968000000001	0.003888104	0.037275902	0.270087036	0.000165464	0.000345114	0.0033089340000000004	0.01637267	0.010241107	0.022515086	0.000480409	0.002118406	0.001118513	0.0006870060000000001	0.006135734	8.14e-05	0.001889655	0.033002002999999995	0.000259027	0.000403683	0.001352377	0.001699455	0.00022657900000000005
Gallicola	0.0	7.36e-05	0.0	0.001881352	0.0	0.005297839	0.0	1.55e-05	0.009656102	0.001601495	6.6e-06	0.0	0.0	0.0	0.000124168	0.0	0.000549632	0.0004926409999999999	0.00070157	0.0	0.0	0.000526191	2.26e-05	0.000185274	3.9e-05	0.0	3.67e-05	1.26e-05	2.25e-05	3.14e-06	0.0	0.0	3.88e-06	0.001615734	0.000717785	0.005094951	0.0	0.000928629	0.0	0.0	0.0	0.0	0.00195019	0.000175473	0.000246997	0.0	0.0	0.0	0.000103984	0.012583027	7.67e-06	0.000597746	0.0	0.001124817	0.0	0.0	0.000142947	0.0	0.0	0.0	3.81e-06	1.24e-05	0.000166081	0.00025619900000000003	0.0
Helcococcus	5.42e-05	3.68e-05	0.0	0.000235169	0.0	0.000812737	0.0	7.77e-06	0.007159758	0.000830405	0.0	0.0	0.0	0.0	7.45e-05	0.0	0.0	6.159999999999999e-05	0.0	0.0	1.07e-05	6.6e-05	7.52e-06	0.000241886	0.001662273	0.0	0.0	2.09e-05	0.000427402	0.0	0.000115187	0.000450974	3.88e-06	0.0015021560000000002	0.00127699	0.009394283	0.0	0.00082762	5.820000000000001e-05	0.000962678	0.0	0.0	0.001217036	0.000138531	0.000514576	0.0	0.000814591	0.0	3.71e-06	0.001753373	0.0	0.007799156999999998	4.49e-06	0.000137478	4.91e-06	7.81e-06	0.000186931	0.0	2.07e-05	0.000316961	7.62e-06	0.0	0.000379615	0.000725898	0.0
Parvimonas	0.000162452	0.015197233	9.05e-06	0.0	0.0	0.031699468	1.42e-05	7.77e-06	0.0	0.0	1.98e-05	0.0	0.0	0.0	2.48e-05	2.81e-05	4.4e-05	0.0	8.77e-05	0.0	0.010246018	1.43e-06	8.28e-05	0.0	0.000220771	0.0	3.67e-05	4.19e-06	0.0	0.000430689	0.0	0.0	0.0	0.0	1.67e-05	1.12e-05	0.0	0.000707061	8.4e-05	0.0	0.0	0.0	9.53e-05	0.0	0.001852474	0.0	1.27e-05	0.007686636	0.022033565	4.13e-05	0.0	0.0	0.0	0.0	1.96e-05	0.0	7.33e-06	0.001871684	0.0	0.0	0.005237676	0.0	0.0	4.55e-05	0.0
Peptoniphilus	0.164401365	0.013578157	0.000310809	0.009907773	0.002619943	0.08632522599999999	0.009772541	0.026749158	0.11603403	0.016689651	0.0001056	0.041795753	7.219999999999999e-05	0.002014488	0.029154664	0.07096248	0.001011322	0.099390357	0.063930545	2.36e-05	5.7e-05	0.0013420029999999998	0.000105323	0.007624552	0.072269912	0.004650051	0.013236049	0.000917093	0.022059926	0.090777912	0.014081668	0.073179193	0.021882245	0.019909065	0.071528131	0.050572248	0.000761744	0.005480540999999999	0.014431964	0.038359005	0.000122027	0.036119428	0.016972513999999998	0.002096436	0.069159045	0.17645442100000006	0.000140008	0.005192401	0.02351163	0.116020227	0.006973158	0.016309917	0.00044449	0.006111507	0.0006034090000000001	0.00047622	0.023963816	0.000390612	0.001465129	0.016680613	0.002917862	0.000294999	0.003416532	0.003888536	4.44e-06
WAL_1855D	0.000162452	0.00051516	0.0	7.159999999999999e-05	0.000147755	0.066712822	5.67e-05	2.33e-05	0.010398879	0.002891588	1.98e-05	0.0	0.0	8.39e-06	0.00233436	0.000112505	0.0	0.074419607	0.012365167	7.859999999999999e-05	0.0	0.0	4.51e-05	9.52e-05	1.3e-05	0.0	0.00012832700000000002	0.000117254	0.000944783	0.007711533	0.004348327	0.000485664	0.01584563	1.47e-05	0.000617629	0.003828684	0.003385527	0.001375023	8.4e-05	0.0	0.0	2.75e-05	0.001173046	0.0	0.003348176	0.00032066	0.0	0.000125496	0.00336464	0.022578725	0.000966576	0.002561767	9.43e-05	0.001468511	4.91e-06	0.000265434	0.005395341	0.0	5.18e-06	0.003799309	4.57e-05	1.24e-05	0.000616874	0.0022175470000000003	2.22e-06
ph2	0.0	0.0	6.04e-06	0.0	7.209999999999999e-05	0.001080912	0.0	0.00027451	0.00049008	8.9e-05	0.0	8.45e-05	0.0	0.0	0.000248336	0.00388142	0.0	0.0	8.77e-05	3.9299999999999986e-05	0.0	0.0	1.5e-05	5.15e-06	0.0	0.0	3.67e-05	1.6800000000000002e-05	1.5e-05	0.000106886	0.00138225	0.0	0.001608989	4.4e-05	0.000667707	0.000982384	0.0	0.00016617599999999998	0.0	7.41e-05	0.0	0.0	0.000150297	0.0	0.000397939	0.0	0.0	0.0	0.000181973	0.002354529	0.0	0.000683138	3.59e-05	0.001349781	0.0	0.0	0.00398786	0.0	9.84e-05	5.07e-05	0.0	0.0	0.0	0.000108173	0.0
Unknown genus (family Erysipelotrichaceae)	0.0	0.0	0.0	0.0	0.0	0.00868561	0.0	0.0	2.3e-05	0.0	3.3e-06	0.0	0.0	0.0	0.0	0.0	0.0	0.0	0.0	0.0	0.0	0.0	0.0	0.0	0.0	0.0	0.0	0.0	0.0	0.0	0.0	3.47e-05	0.0	0.0	0.0	0.0	0.0	0.0	0.0	0.001406991	0.0	0.0	0.0	0.0	0.0	4.58e-05	0.000292744	0.0	0.0	0.0	0.0	0.0	0.0	0.0	0.000470953	0.0	0.0	0.0	0.0	0.0	0.0	0.0	0.0	0.0	0.0
Bulleidia	0.0	0.0006623489999999999	0.0	0.0	0.0	0.0	0.0	2.59e-06	0.0	0.0	0.0	0.0	0.0	0.0	0.0	0.0	0.0	0.0	0.000438481	0.0	0.001442349	0.0	0.000932857	0.0	0.0	0.0	0.0	0.0	0.0	0.0	0.0	5.2e-05	0.0	7.33e-06	0.0	7.47e-06	0.0	3.26e-06	0.052040381	0.0	0.0	0.0	0.0	0.0	3.43e-05	0.0	0.0	0.0	7.8e-05	0.0	0.0	0.0	0.0	0.0	0.0	0.0	0.0	0.0	1.55e-05	0.0	0.000308547	9.32e-06	0.0	0.0	2.22e-06
Eubacterium [putative]	0.0	0.0	0.0	0.0	0.0	0.0	0.0	9.84e-05	7.66e-06	0.0	0.0	0.0	0.0	0.0	0.0	0.0	0.0	0.0	0.0	0.0	0.0	0.0	0.0	0.0	0.0	0.0	0.000329985	0.0	1.5e-05	0.0	0.0	0.0	0.0	0.0	0.0	0.0	0.0	0.001629174	0.0	0.0	0.0	0.0	0.0	0.0	0.0	0.0	0.0	0.0	0.0	0.0	0.0	0.0	0.0	0.0	4.91e-05	0.0	7.33e-06	0.0	0.0	0.0	0.0	0.0	0.0	0.0	0.0
Fusobacterium	0.008609953	0.0	3.02e-06	0.0	0.0	0.0	1.42e-05	0.000264151	0.002044551	0.000200187	6.6e-06	5.07e-05	1.2e-05	0.0	0.000695341	0.096951117	2.2e-05	0.000554221	0.0	0.0	0.047878857	1.43e-06	0.022666917	0.000146675	0.001844084	5.51e-05	3.67e-05	0.0	7.4999999999999985e-06	0.006626951	0.0	1.73e-05	0.0	0.000619181	0.00143557	6.720000000000001e-05	0.00186204	6.52e-05	6.46e-06	0.010515403	0.0	5.4899999999999986e-05	7.33e-06	0.0	0.0022778570000000003	0.0	0.0	0.0	0.001132688	0.001152216	0.000513973	0.001878629	0.0	0.000131229	0.000152079	7.81e-06	3.67e-06	0.0	2.07e-05	0.003292171	0.00024379	3.11e-06	2.37e-05	0.000444079	0.000242128
Leptotrichia	0.0	0.0	3.02e-06	0.0	0.0	0.0	0.0	2.59e-05	7.66e-06	0.0	3.3e-06	1.6899999999999994e-05	0.0	0.0	2.48e-05	0.0	0.0	0.0	0.0	0.0	0.007268726	0.0	0.025615949	0.0	1.3e-05	0.000183797	0.0	0.0	0.0	0.0	0.0	0.0	0.0	3.66e-06	0.0	3.74e-06	0.000253915	0.0	0.0	0.0	0.0	0.0	0.0	0.0	0.0	0.0	0.0	0.0	0.0	5.89e-06	7.67e-06	2.85e-05	0.0	0.0	0.0	0.0	0.0	0.0	0.0	0.0	0.0	3.11e-06	0.0	0.0	0.0
Sneathia	5.42e-05	0.03580365	3.620000000000001e-05	0.0	0.0	2.74e-06	0.000169957	0.0	0.0	2.22e-05	4.620000000000001e-05	2.82e-05	0.0	1.6800000000000002e-05	2.48e-05	2.81e-05	0.0	3.08e-05	0.000613874	7.86e-06	3.56e-06	0.0	0.000203122	2.57e-06	2.6e-05	9.19e-06	0.0	2.09e-05	5.25e-05	0.0	0.0	6.94e-05	0.07713065	7.33e-06	8.35e-06	2.99e-05	0.000169276	0.0	0.0	7.41e-05	0.0	8.240000000000001e-05	2.93e-05	0.0	0.034730465	0.0	2.55e-05	0.137590789	0.051305190999999986	5.3e-05	3.07e-05	0.0	0.0	6.25e-06	1.96e-05	0.0	0.048440776	0.004378113	0.0	4.23e-06	0.072036142	0.0	4.75e-05	1.14e-05	8.89e-06
Unknown genus (family Caulobacteraceae)	0.0	0.0	0.0	5.11e-05	0.0	0.0	0.0	0.0	0.0	7.41e-06	0.0	0.0	0.0001564	0.0	0.0	0.0	0.0	0.0	0.0	0.0	0.0	0.0	0.0	0.0	0.0	0.0	0.0	0.0	0.0	0.0	0.0	0.0	0.0	5.5e-05	0.0	0.0	0.0	0.0	0.0	0.000222156	0.0	2.75e-05	0.0	0.0	0.0	0.0	0.0	0.0	0.0	0.0	0.0	0.0	0.0	6.25e-06	0.0	0.0	0.0	0.0	0.0	0.0	0.0	0.0	0.0	0.0	0.0
Agrobacterium	0.0	0.0	0.0	0.0	0.0	0.0	0.000453219	0.0	0.0	4.45e-05	3.63e-05	0.0	0.0	0.0	0.000149002	2.81e-05	0.0	0.0	0.0	7.86e-06	0.0	0.0	0.0	0.0	0.000116879	0.000294074	1.83e-05	0.0	0.0	0.0	0.0	1.73e-05	1.16e-05	0.0	0.0	0.0	0.000169276	0.0	8.4e-05	0.0	0.0	0.000164803	0.0	0.0	0.0	0.0	0.0	0.0	0.0	0.0	0.0	0.0	0.0	0.0	0.0	0.0	0.0	0.0	1.04e-05	0.0	0.0	0.0	0.0	5.69e-05	0.0
Rhizobium	0.002815834	0.0	0.0	0.0	0.0	0.0	0.000283262	0.0	0.0	0.0	1.32e-05	5.63e-06	0.0	0.0	0.0	0.0	0.00028580900000000004	0.0	0.0	0.0	0.0	0.0	1.5e-05	0.0	0.0	0.0	0.0	4.19e-06	0.0	0.0	0.0	0.0	0.0	0.0	0.0	0.0	0.0	0.0	0.0	0.0	0.0	0.000164803	0.0	0.0	0.0	4.58e-05	5.09e-05	0.0	0.0	0.0	0.0	0.0	0.0	0.0	0.0	0.0	0.0	0.0	0.0	0.0	0.0	0.0	0.0	0.0	0.0
Sphingomonas	0.000920561	0.0	1.8100000000000006e-05	0.0	0.0	0.0	0.0	0.0	0.0	0.0	9.9e-06	7.32e-05	0.0	0.0	0.0	0.0	0.000109926	0.00012316	0.0	0.0	0.0	0.0	3.01e-05	1.8e-05	0.0	0.0	9.17e-05	0.0	0.0	0.0	0.0	0.0	1.16e-05	3.66e-06	1.67e-05	0.0	0.000253915	0.0	7.759999999999999e-05	0.0	1.63e-05	0.0	0.0	0.0	0.0	0.000137426	0.0	0.0	1.11e-05	0.0	0.0	0.0	0.0	1.25e-05	0.0	0.0	0.0	0.0	0.0	2.54e-05	0.0	0.0	0.0	2.85e-06	2.67e-05
Oligella	0.0	0.0	0.0	0.0	0.0	0.0	0.0	0.0	0.0055823140000000005	0.001482865	0.0	0.0	0.0	0.0	0.0	0.0	0.0	0.0	0.0	0.0	0.0	0.0	0.0	0.0	0.0	0.0	0.0	0.0	0.001154734	0.0	5.76e-05	0.0	0.0	7.33e-06	0.0	0.004052802	0.0	0.000680995	0.0	0.0	0.0	0.0	0.0	0.0	0.0	0.0	0.0	0.0	0.0	0.0	0.0	0.0	0.0	0.0	0.0	0.0	0.001539431	0.0	5.18e-06	0.0	0.0	0.0	0.0	0.001004871	2.22e-06
Sutterella	0.0	0.0	0.0	0.0	0.0	0.000396791	0.0	0.0	0.000980159	0.000200187	0.0	0.0	0.0	1.6800000000000002e-05	0.0	0.0	0.0	0.0	0.0	0.0	0.0	0.0	0.0	0.000573836	0.0	0.0	3.67e-05	0.0	0.0	0.001989972	0.0	0.0	0.0	0.0	0.0	0.0	0.0	0.00037471	0.0	0.000296209	0.0	0.0	1.83e-05	0.0	0.0008233219999999999	9.16e-05	0.0	0.0	3.71e-05	0.0	0.0	0.0	0.0	0.0	0.0007702039999999999	0.0	0.0	0.0	0.0	0.0006930889999999999	0.0	0.000251525	0.0	0.0	4.44e-06
Delftia	0.000433205	0.0	3.02e-06	6.13e-05	0.0	0.0	0.0	4.66e-05	0.0	0.0	3.63e-05	3.94e-05	4.81e-05	0.0	0.0	0.0	8.79e-05	6.159999999999999e-05	0.0	0.0	0.0	0.0	0.0	1.8e-05	9.09e-05	9.19e-06	9.17e-05	1.26e-05	0.0	0.0	0.0	0.0	0.0	0.0	0.0	0.0	0.0	0.0	0.000129261	0.0	0.0	0.0	0.0	0.0	0.0	0.000137426	0.0	0.0	0.0	3.83e-05	0.0	5.69e-05	4.49e-06	1.25e-05	0.0	0.0	0.0	0.0	0.0	0.0	0.0	0.0	4.75e-05	0.0	0.0
Unknown genus (family Oxalobacteraceae)	0.0	0.0	0.0	0.0	7.21e-06	0.0	0.0	0.0	5.36e-05	0.0	0.0	0.0	0.0	0.0	0.000149002	5.6299999999999986e-05	0.0	0.0	0.001753924	0.0	0.0	0.0	4.51e-05	0.0	0.0	0.000101088	0.0	0.0	0.0	9.43e-06	0.0	0.0	0.0	0.0	0.0	3.74e-06	0.0	0.0	0.0	0.0	1.63e-05	0.0	0.0	0.0	0.0	0.0	0.0	0.0	3.71e-06	1.77e-05	0.0	8.540000000000003e-05	0.0	0.0	0.0	0.0	0.0	0.0	7.25e-05	0.0	0.0	3.11e-06	0.0	3.4200000000000005e-05	6.66e-06
Unknown genus (family Neisseriaceae)	0.0	0.0	3.02e-06	0.0	0.0	0.0	0.0	5.18e-06	7.659999999999999e-05	0.0	0.0	0.0	4.81e-05	0.0	0.0	0.0	0.0	0.0	0.0	0.0	0.022294082000000003	0.0	0.001060749	2.57e-06	0.0	0.0	0.0	0.0	0.0	0.0	0.0	0.0	0.0	7.33e-06	0.0	3.74e-06	0.0	0.0	8.4e-05	0.0	0.0	0.0	1.83e-05	0.0	0.0	0.0	0.0	0.0	0.0	0.0	0.0	0.0	0.0	2.5e-05	0.0	0.0	0.0	0.0	2.07e-05	0.0	0.0	0.0	0.0	0.0	0.0
Neisseria	0.0	0.0	6.04e-06	0.0	3.6000000000000007e-06	0.0	1.42e-05	0.000119127	4.59e-05	2.22e-05	6.6e-06	5.63e-06	0.000409047	0.0	0.0	0.000506272	0.0	0.0	8.77e-05	0.0	0.217217727	0.0	0.034861764	0.0	0.0	9.19e-05	0.0	2.51e-05	3.75e-05	0.0	0.0	5.2e-05	0.0	0.00010625	0.0	2.24e-05	0.000169276	0.0	5.820000000000001e-05	0.0	0.0	2.75e-05	2.2e-05	0.0	0.0	0.0	1.27e-05	9.41e-05	5.2e-05	2.95e-06	0.0	0.000996243	0.0	0.000256208	0.0	0.0	3.67e-06	0.0	0.000124251	0.0	1.14e-05	0.0	0.0	0.0	0.0
Bilophila	0.000162452	0.0	0.0	0.0	0.0	0.0	0.0	5.18e-06	2.3e-05	0.0	0.0	0.0	0.0	0.0	0.0	0.0	0.0	0.0	0.0	0.0	4.2700000000000015e-05	1e-05	0.0	0.0	0.0	0.0	0.0	0.0	0.0	0.000298653	0.0	0.0	0.0	0.0	8.35e-06	0.0	0.000169276	1.3e-05	6.46e-06	0.0008886260000000002	0.0	0.0	3.67e-06	0.0	0.0	0.0	0.0	0.0	0.0	2.95e-06	0.0	0.0	0.0	0.0	0.00028944	0.0	0.0	0.0	0.0	0.0	0.0	0.0	0.0	0.0	0.0
Campylobacter	0.0015703689999999998	0.000294377	3.02e-06	0.000245394	3.6e-05	0.0035300690000000007	0.000113305	0.003752496	0.031786264	0.005012085	3.3e-06	0.012516194	2.4100000000000006e-05	1.6800000000000002e-05	0.000496672	0.035495303	0.000153897	0.027772646	0.008243445	1.57e-05	0.003262201	2.87e-06	0.002023698	4.370000000000001e-05	0.004402426	0.0	1.83e-05	4.19e-05	0.000547374	0.004574105	0.0	0.0	0.000244256	0.006111211	0.002946258	0.017245886999999998	0.0	0.001554232	0.000252058	0.009997038	3.2500000000000004e-05	2.75e-05	0.001601941	0.0	0.004775267	0.001878149	3.82e-05	0.000329427	0.000285957	0.003715971	0.000452603	0.002960264	5.84e-05	0.001212303	0.0	7.81e-06	0.002426437	0.0	0.000201908	0.000714219	3.81e-05	5.28e-05	0.0	0.001002024	0.0
Other genus (family Enterobacteriaceae)	0.0	0.0	0.000368143	0.0	3.6000000000000007e-06	2.74e-06	0.0	0.0	0.0	0.0	0.0	0.0	0.0	0.0	0.0	2.81e-05	0.0	0.0	8.77e-05	0.0	0.0	0.000431563	0.0	2.57e-06	1.3e-05	0.0	0.0	0.0	0.0	0.0	0.0	0.0	3.88e-06	0.0	0.0	0.0	0.0	0.000736387	0.0	0.0	0.0	0.0	0.0	0.0	0.0	0.0	0.0	0.0	0.0	0.0	0.0	0.0	0.0	0.0	0.000225665	0.0	0.0	0.0	0.0	0.0	0.0	3.11e-06	0.0	0.0	4.44e-06
Unknown genus (family Enterobacteriaceae)	0.010451075	0.001655873	0.937542435	0.001114497	0.0007639999999999999	0.000150507	0.001543778	6.73e-05	7.66e-06	0.000281744	0.0003333	0.0	2.4100000000000006e-05	0.0	0.00027317	0.000562525	0.001978674	0.00015395	0.002806279	0.000110107	3.56e-06	0.988452467	0.000203122	0.000298497	0.000116879	0.000413542	0.000109995	0.000343386	0.000382412	0.000597306	0.0	0.001266196	0.00046525	0.000326078	0.000125195	7.47e-06	0.001523487	0.585446915	0.0	0.0027399290000000003	0.0	0.000769083	7.329999999999999e-05	0.000110825	0.000226414	0.0	0.001871015	1.57e-05	8.540000000000003e-05	0.000686615	0.00080548	0.0	9.88e-05	0.000937348	0.435901335	1.56e-05	0.00011729	0.000244133	0.000134606	0.000118332	0.0	7.759999999999999e-05	2.37e-05	5.98e-05	4.44e-06
Proteus	0.0	0.0	3.02e-06	0.0	3.6000000000000007e-06	0.0	0.0	0.0	3.83e-05	0.000140872	0.0	0.0	0.0	0.0	0.0	0.0	0.0	0.0	0.0	0.0	3.56e-06	1.15e-05	0.0	2.57e-06	0.0	0.0	0.0	4.19e-06	0.0	0.0	0.0	0.0	0.0	0.0	0.0	0.0	0.0	6.19e-05	0.0	0.0	0.0	0.0	0.0	0.0	0.0	0.0	2.55e-05	0.0	0.0	0.0	0.0	0.0	0.0	6.25e-06	4.91e-06	0.0	0.0	0.0	0.0	0.0	0.0	0.0	0.0	0.0	2.22e-06
Aggregatibacter	0.0	0.0	3.02e-06	1.02e-05	0.0	0.0	0.0	0.0	0.0	0.0	0.0	0.0	0.0	0.0	2.48e-05	5.6299999999999986e-05	0.0	0.0	0.0	0.0	0.01416707	0.0	0.002633064	0.0	3.9e-05	0.0	0.0	0.0	7.4999999999999985e-06	0.0	0.0	0.0	0.0	2.93e-05	0.0	3.74e-06	0.000592467	0.0	0.0	0.0	0.0	0.0	0.0	0.0	0.0	0.0	0.0	0.0	0.0	0.0	0.0	5.69e-05	0.0	0.0	0.0	0.0	0.0	0.0	5.18e-06	0.0	0.0	0.0	0.0	0.0	0.001035153
Haemophilus	0.000162452	0.0	6.04e-06	0.0	0.0	2.74e-06	1.42e-05	6.22e-05	1.53e-05	0.0	3.3e-06	0.0	0.0	0.0	2.48e-05	0.0	0.0	0.0	0.0	0.0	0.063908516	1.43e-06	0.027459093	0.0	0.000116879	5.51e-05	0.0	0.0	2.25e-05	0.0	0.0	3.47e-05	3.88e-05	0.003070261	0.0	1.12e-05	0.0	0.0	6.46e-06	0.0	0.00017083700000000002	0.0	1.1e-05	0.0	0.0	0.0	0.000140008	1.57e-05	1.11e-05	8.84e-06	3.07e-05	0.000939315	0.0	0.000456176	0.00013736100000000002	0.0	1.1e-05	0.0	7.77e-05	0.0	7.62e-06	0.0	2.37e-05	8.54e-06	0.013774643
Acinetobacter	0.0	0.0	0.0	0.0	0.0	0.0	0.0	0.0	0.0	2.22e-05	0.0	0.0	0.0	0.0	0.000173835	0.000365641	0.0	0.0	0.0	0.0	0.0	0.0	0.0	0.0	0.0	0.0	0.0	0.0	9.75e-05	0.0	0.0	0.0	0.0	0.0	2.5e-05	1.12e-05	0.0	0.0	0.0	0.000518365	0.0	0.0	0.0	0.0	0.0	0.0	0.0	0.0	0.0	0.0	0.0	0.0	4.49e-06	0.0	0.0	0.0	0.0	0.0	0.0	0.0	0.0	9.32e-06	0.0	0.00011956	0.0
Unknown genus (family Pseudomonadaceae)	0.0	0.0	0.0	7.159999999999999e-05	0.0	0.0	0.0	0.0	0.0	0.0	0.0	2.25e-05	0.0	0.0	0.0	0.0	2.2e-05	0.0	0.00254319	0.0	0.0	0.0	0.0	0.0	1.3e-05	0.000119468	0.0	0.0	0.0	3.14e-06	0.0	1.73e-05	0.0	0.0	0.0	0.0	0.001015658	0.0	0.0	0.0	0.0	0.0	0.0	0.0	0.0	9.16e-05	2.55e-05	0.0	0.0	0.0	0.0	0.0	0.0	0.0	9.81e-06	0.0	0.0	0.0	5.18e-06	0.0	0.0	0.0	0.0	0.0	0.0
Pseudomonas	0.0	0.0	0.0	2.04e-05	0.0	0.0	0.000297425	0.0	0.0	0.0	6.6e-06	0.0	0.0	0.0	7.45e-05	0.0	2.2e-05	0.0	0.0	0.0	3.56e-06	0.0	0.0	0.0	0.0	4.59e-05	0.0	4.19e-06	0.0	0.0	0.0	0.0	0.0	0.0	0.0	0.0	0.0	0.0	0.0	0.0	0.0	0.0	0.0	0.0	0.0	0.000274851	0.000165464	0.0	0.0	0.0	0.0	0.0	0.0	8.75e-05	0.0	0.0	0.0	0.0	1.55e-05	0.0	0.0	0.0	0.0	0.0	0.0
Unknown genus (phylum SR1)	0.0	0.0	0.0	0.0	0.0	0.0	0.0	0.0	0.0	0.0	0.0	0.0	0.0	0.0	0.0	0.0	0.0	0.0	8.77e-05	0.0	0.000377504	0.0	0.0092082	0.0	6.49e-05	0.0	0.0	0.0	0.0	0.0	0.0	3.47e-05	0.0	0.0	0.0	0.0	0.0	0.0	0.0	0.0	0.0	0.0	0.0	0.0	1.3699999999999998e-05	0.0	0.0	0.0	0.0	2.95e-06	0.0	0.0	0.0	0.0	0.0	0.0	0.0	0.0	0.0	0.0	0.0	0.0	0.0	0.0	0.0
Treponema	0.0	0.0	0.0	0.0	0.0	0.0	0.0	5.18e-06	0.0	7.41e-06	0.0	0.0	0.0	0.0	0.0	0.0	0.0	0.0	0.0	0.0	0.008721758000000001	0.0	0.0	0.0	0.000181811	0.0	0.0	0.0	0.0	0.0	0.0	1.73e-05	0.0	7.33e-06	0.0	0.0	0.0	0.000133592	0.0	0.0	0.0	0.0	0.0	0.0	0.0	0.0	0.0	0.0	3.71e-06	0.0	0.0	0.0	0.0	0.0	0.0	0.0	0.0	0.0	1.04e-05	0.0	0.0	0.0	0.0	0.0	0.0
Other genus (family Dethiosulfovibrionaceae)	0.0	0.0	0.0	0.0	0.0	0.0008510480000000001	0.0	0.000844247	0.00501566	0.000556075	0.0	0.0	0.0	0.0	0.0	0.0	0.0	0.0	0.0	0.0	0.0	0.0	0.0	0.0	0.0	0.0	0.0	0.0	0.0	0.0	0.0	0.0	0.0	0.0013299579999999998	0.0	0.000522942	0.0	9.78e-06	0.0	0.0	0.0	0.0	0.0	0.0	0.000651797	0.0	0.0	9.41e-05	0.0	0.0	0.0	0.0	0.0	0.0	0.0	0.0	4.760000000000001e-05	0.0	5.18e-06	0.00013523700000000002	0.0	0.0	0.0	0.0	0.0
Pyramidobacter	0.0	0.0	0.0	0.0	0.0	0.0013189870000000002	0.0	0.000520533	0.000719805	1.4800000000000002e-05	0.0	0.0	0.0	0.0	0.0	0.0	0.0	0.0	0.0	0.0	2.85e-05	0.0	0.0	0.0	0.0	0.0	0.0	0.0	0.0	0.0	0.0	0.0	0.0	3.66e-06	0.0	0.000127	0.0	2.61e-05	0.0	0.0	0.0	0.0	0.0	0.0	0.0	0.0	0.0	0.0	7.43e-06	5.3e-05	1.53e-05	0.0	0.0	0.0	0.0	0.0	6.96e-05	0.0	5.18e-06	0.0	0.0	0.0	2.37e-05	0.0	0.0
Unknown genus (class TM7-3)	0.0	0.0	0.0	0.0	0.0	0.0	0.0	0.0	0.0	0.0	3.3e-06	0.0	0.000324832	0.0	0.0	0.0	0.0	0.0	0.0	0.0	0.001317701	0.0	0.007342486	0.0	0.000129865	0.0	0.0	0.0	0.0	0.0	0.0	0.0	0.0	0.0	0.0	0.0	0.0	6.52e-06	0.0	0.0	0.0	0.0	1.1e-05	0.0	0.0	0.0	1.27e-05	0.0	3.71e-06	0.0	0.0	5.69e-05	0.0	0.00017497200000000002	0.0	0.0	0.0	0.0	5.18e-06	4.23e-06	0.0	0.0	0.0	0.0	0.0
Unknown genus (family Rs-045)	0.0	0.0	3.02e-06	0.000644159	0.0	0.0	8.499999999999999e-05	0.0	0.001194569	0.0	3.3e-06	5.63e-06	0.0	2.52e-05	0.0	0.0	0.0	0.000246321	0.0	0.0	7.829999999999999e-05	0.0	0.0	0.0	2.6e-05	9.19e-06	0.0	0.0	7.4999999999999985e-06	0.0	0.0	0.0	0.0	3.66e-06	0.0	3.74e-06	0.0	1.3e-05	0.0	0.0	0.0	0.0	0.000652507	0.0	0.0	0.0	0.0	0.0	0.00557431	5.89e-06	0.0	0.0	0.0	0.000168723	0.0	0.0	0.0	0.0	0.0	0.0	0.04082721	0.0	0.0	1.42e-05	2.22e-06
Mycoplasma	0.0	0.000183986	3.02e-06	0.0	0.0	0.0	0.0	0.0	0.000114862	0.0	0.0	0.0	0.0	0.0	0.0	0.0	0.0	0.0	0.0	0.0	0.001994359	0.0	4.51e-05	0.0	0.00025973	0.0	0.0	0.0	0.0	0.0	0.0	0.0	0.000108558	0.0	0.0	0.0	0.0	0.0	0.0	0.0	0.0	0.0	0.0	0.0	0.0	0.0	0.0	0.0	0.000107698	0.0	0.0	0.0	0.0	0.0	0.0	0.0	0.0	0.0	0.0	0.0	0.000232362	0.0	0.0	2.85e-06	2.22e-06
Ureaplasma	0.000162452	0.001214307	6.04e-06	1.02e-05	0.0	0.0	0.006075971	1.04e-05	0.001110337	0.0027655440000000004	3.3e-06	0.0	0.0	5.88e-05	0.000124168	0.0	0.0	0.0	8.77e-05	0.002084169	1.42e-05	4.3e-06	7.52e-06	0.001479621	0.0	9.19e-06	0.0	0.0	1.5e-05	0.0	0.0	0.0	5.4299999999999985e-05	0.086465573	0.0	1.12e-05	0.006601777	0.000931887	6.46e-06	0.0	8.14e-06	0.0	0.000784475	9.24e-06	0.00303943	0.0	0.007204042	0.0	7.43e-06	5.89e-06	3.07e-05	2.85e-05	0.0	0.0	0.0007162410000000001	0.001904881	1.1e-05	0.001285765	0.005674141	0.002011647	0.001557971	0.002689149	0.005006169	0.0	0.0
Akkermansia	0.0	0.0	0.0	0.0	0.0	0.0	0.0	0.010029963	0.0	0.0	0.0	0.0	0.0	0.0	0.0	0.0	0.0	0.0	0.0	0.0	0.0	0.0	0.0	0.0	0.0	0.0	0.0	0.0	0.0	3.14e-06	0.0	0.000104071	4.26e-05	0.0	0.0	0.0	0.0	1.63e-05	0.0	0.0005924169999999999	0.0	0.0	0.0	6.459999999999997e-05	0.0	0.0	0.0	0.0	0.0	0.0	0.0	8.540000000000003e-05	0.0	0.0	0.000103021	0.0	0.0	0.0	1.04e-05	0.0	0.0	0.0	2.37e-05	0.0	0.0
